0, 0.212901, 0.559507
1, 0.205253, 0.529095
2, 0.201666, 0.519087
3, 0.190726, 0.529887
4, 0.190726, 0.526647
5, 0.190726, 0.528547
6, 0.187409, 0.510691
7, 0.187409, 0.489869
8, 0.186727, 0.470275
9, 0.186727, 0.467051
10, 0.186727, 0.465444
11, 0.186727, 0.443692
12, 0.181812, 0.451331
13, 0.159336, 0.462196
14, 0.159336, 0.467174
15, 0.159336, 0.485127
16, 0.159336, 0.492401
17, 0.150155, 0.491093
18, 0.150155, 0.504083
19, 0.147911, 0.510051
20, 0.147911, 0.507417
21, 0.146324, 0.504023
22, 0.144334, 0.476921
23, 0.144334, 0.452093
24, 0.141312, 0.45811
25, 0.14069, 0.456344
26, 0.14069, 0.452706
27, 0.14069, 0.446303
28, 0.14069, 0.443144
29, 0.14069, 0.430016
30, 0.14069, 0.443431
31, 0.14069, 0.458726
32, 0.14069, 0.460979
33, 0.14069, 0.465441
34, 0.14069, 0.464616
35, 0.14069, 0.462426
36, 0.14069, 0.471504
37, 0.14069, 0.4665
38, 0.14069, 0.469416
39, 0.14069, 0.45356
40, 0.14069, 0.451568
41, 0.14069, 0.449962
42, 0.140651, 0.469532
43, 0.140651, 0.457069
44, 0.140651, 0.468672
45, 0.140651, 0.459559
46, 0.140651, 0.465255
47, 0.140576, 0.466687
48, 0.140576, 0.471934
49, 0.140576, 0.471078
50, 0.140576, 0.477169
51, 0.140576, 0.474571
52, 0.140528, 0.467478
53, 0.140528, 0.45828
54, 0.140528, 0.46504
55, 0.140528, 0.469512
56, 0.140528, 0.46306
57, 0.140528, 0.466574
58, 0.140435, 0.488893
59, 0.133533, 0.488791
60, 0.133533, 0.477362
61, 0.133323, 0.49068
62, 0.133323, 0.478334
63, 0.133323, 0.478243
64, 0.133323, 0.488053
65, 0.133323, 0.485754
66, 0.133323, 0.489324
67, 0.133323, 0.487231
68, 0.133323, 0.495573
69, 0.133323, 0.497039
70, 0.121909, 0.495973
71, 0.121909, 0.495873
72, 0.121909, 0.492361
73, 0.121909, 0.493569
74, 0.121909, 0.498656
75, 0.121909, 0.48402
76, 0.121909, 0.487411
77, 0.118253, 0.482024
78, 0.118253, 0.480423
79, 0.118253, 0.488438
80, 0.118253, 0.48305
81, 0.118253, 0.494223
82, 0.117707, 0.501403
83, 0.117707, 0.493631
84, 0.117707, 0.494013
85, 0.117707, 0.475971
86, 0.117707, 0.472366
87, 0.117707, 0.481759
88, 0.117707, 0.491957
89, 0.117707, 0.48686
90, 0.117707, 0.474097
91, 0.117707, 0.473339
92, 0.117707, 0.473307
93, 0.117707, 0.486633
94, 0.117707, 0.482446
95, 0.117506, 0.472824
96, 0.117506, 0.471336
97, 0.117506, 0.478494
98, 0.117506, 0.474992
99, 0.117506, 0.473023
100, 0.117506, 0.481308
101, 0.117506, 0.495009
102, 0.117221, 0.492566
103, 0.117221, 0.499378
104, 0.117221, 0.489115
105, 0.117221, 0.481333
106, 0.117221, 0.47473
107, 0.117221, 0.46398
108, 0.117221, 0.471229
109, 0.117221, 0.477748
110, 0.117221, 0.474519
111, 0.117221, 0.473509
112, 0.117221, 0.475299
113, 0.117221, 0.482443
114, 0.117221, 0.467628
115, 0.117221, 0.484052
116, 0.117221, 0.473615
117, 0.117221, 0.47787
118, 0.11673, 0.474132
119, 0.11673, 0.466037
120, 0.116529, 0.446261
121, 0.116529, 0.460954
122, 0.116529, 0.478794
123, 0.116529, 0.460893
124, 0.116529, 0.47551
125, 0.116529, 0.476966
126, 0.116529, 0.477408
127, 0.116529, 0.479973
128, 0.116529, 0.47656
129, 0.116529, 0.467225
130, 0.116529, 0.470037
131, 0.116529, 0.465002
132, 0.116529, 0.449857
133, 0.116529, 0.452053
134, 0.116529, 0.466943
135, 0.116529, 0.469158
136, 0.116529, 0.47053
137, 0.116529, 0.477078
138, 0.116529, 0.472692
139, 0.116529, 0.466773
140, 0.116529, 0.460116
141, 0.116529, 0.470599
142, 0.116529, 0.494198
143, 0.116529, 0.477613
144, 0.116529, 0.475994
145, 0.11652, 0.477254
146, 0.11652, 0.484102
147, 0.11652, 0.479087
148, 0.11652, 0.472758
149, 0.11652, 0.476675
150, 0.11652, 0.478891
151, 0.11652, 0.490154
152, 0.11652, 0.488878
153, 0.11652, 0.482289
154, 0.11652, 0.482581
155, 0.11652, 0.487724
156, 0.11652, 0.486298
157, 0.11652, 0.480574
158, 0.11652, 0.489136
159, 0.11652, 0.495636
160, 0.11652, 0.486925
161, 0.11652, 0.488051
162, 0.11652, 0.496735
163, 0.11652, 0.496461
164, 0.11652, 0.500191
165, 0.11652, 0.482059
166, 0.114857, 0.488293
167, 0.114857, 0.481575
168, 0.114857, 0.486267
169, 0.114857, 0.491147
170, 0.114857, 0.496201
171, 0.114857, 0.483816
172, 0.114857, 0.482662
173, 0.114857, 0.496264
174, 0.11312, 0.489085
175, 0.11312, 0.496355
176, 0.11312, 0.477921
177, 0.11312, 0.461452
178, 0.111104, 0.471638
179, 0.111104, 0.485256
180, 0.111104, 0.482026
181, 0.111104, 0.485875
182, 0.111104, 0.47526
183, 0.111104, 0.469408
184, 0.111104, 0.463857
185, 0.111104, 0.474012
186, 0.111104, 0.485494
187, 0.111104, 0.486239
188, 0.111104, 0.482211
189, 0.111104, 0.47719
190, 0.111104, 0.473206
191, 0.111006, 0.468828
192, 0.111006, 0.463616
193, 0.111006, 0.465503
194, 0.111006, 0.471545
195, 0.109941, 0.473961
196, 0.109941, 0.489199
197, 0.109941, 0.476582
198, 0.109941, 0.466243
199, 0.109941, 0.462515
200, 0.109941, 0.467526
201, 0.109941, 0.464604
202, 0.109941, 0.482263
203, 0.0931096, 0.492763
204, 0.0931096, 0.49012
205, 0.0931096, 0.472102
206, 0.0544263, 0.488889
207, 0.0544263, 0.487489
208, 0.0544263, 0.47126
209, 0.0544263, 0.478072
210, 0.0544263, 0.477804
211, 0.0544263, 0.493666
212, 0.0544263, 0.488397
213, 0.0544263, 0.491006
214, 0.0544263, 0.495032
215, 0.0544263, 0.483983
216, 0.0544263, 0.489342
217, 0.0544263, 0.488042
218, 0.0544263, 0.478644
219, 0.0544263, 0.469539
220, 0.0544263, 0.471333
221, 0.0544263, 0.464718
222, 0.0544263, 0.466551
223, 0.0544263, 0.470482
224, 0.0544263, 0.463878
225, 0.0544263, 0.464366
226, 0.0535548, 0.456906
227, 0.0535548, 0.468764
228, 0.0535548, 0.471949
229, 0.0515813, 0.472116
230, 0.0501483, 0.466536
231, 0.0458759, 0.462
232, 0.0458759, 0.464915
233, 0.0458759, 0.458539
234, 0.0458759, 0.465305
235, 0.0458759, 0.45896
236, 0.0458759, 0.468235
237, 0.0458759, 0.461413
238, 0.0374598, 0.476526
239, 0.0374598, 0.479016
240, 0.0374598, 0.473831
241, 0.0374598, 0.486016
242, 0.0374598, 0.47763
243, 0.0374598, 0.475969
244, 0.0374598, 0.485327
245, 0.0374598, 0.487862
246, 0.0374598, 0.479864
247, 0.0374598, 0.47813
248, 0.0374598, 0.475192
249, 0.0374598, 0.47124
250, 0.0374598, 0.468133
251, 0.0374598, 0.479298
252, 0.0374598, 0.485654
253, 0.0374598, 0.481724
254, 0.0374598, 0.490164
255, 0.0374598, 0.478429
256, 0.0374598, 0.490219
257, 0.0374598, 0.490957
258, 0.0374598, 0.498467
259, 0.0374598, 0.499048
260, 0.0374598, 0.502373
261, 0.0374598, 0.494175
262, 0.0374598, 0.507519
263, 0.0374598, 0.505776
264, 0.0374598, 0.495142
265, 0.0374598, 0.496206
266, 0.0374598, 0.501208
267, 0.0374598, 0.516716
268, 0.0374598, 0.501
269, 0.0374598, 0.508238
270, 0.035577, 0.514232
271, 0.035577, 0.51151
272, 0.035577, 0.501172
273, 0.035577, 0.497967
274, 0.035577, 0.498711
275, 0.035577, 0.499336
276, 0.035577, 0.502314
277, 0.035577, 0.498149
278, 0.035577, 0.480478
279, 0.035577, 0.494469
280, 0.035577, 0.487639
281, 0.035577, 0.48953
282, 0.035577, 0.492336
283, 0.0307487, 0.477968
284, 0.0307487, 0.485706
285, 0.0307487, 0.488715
286, 0.0307487, 0.463358
287, 0.0307487, 0.453048
288, 0.0307487, 0.477993
289, 0.0307487, 0.462042
290, 0.0307487, 0.46637
291, 0.0307487, 0.461233
292, 0.0307487, 0.469318
293, 0.0307487, 0.452621
294, 0.0307487, 0.471212
295, 0.0307487, 0.478884
296, 0.0303927, 0.488089
297, 0.0294847, 0.488279
298, 0.0294847, 0.488275
299, 0.0294847, 0.484329
300, 0.0294847, 0.48437
301, 0.0294847, 0.48937
302, 0.0294847, 0.481271
303, 0.0294847, 0.480147
304, 0.0294847, 0.477159
305, 0.0294847, 0.481115
306, 0.0294847, 0.476208
307, 0.0200699, 0.46531
308, 0.0200699, 0.461527
309, 0.0200699, 0.480393
310, 0.0200699, 0.470969
311, 0.0200699, 0.483981
312, 0.0200699, 0.473476
313, 0.0200699, 0.488265
314, 0.0200699, 0.490344
315, 0.0200699, 0.496928
316, 0.0200699, 0.489023
317, 0.0200699, 0.49208
318, 0.0200699, 0.494555
319, 0.0200699, 0.477941
320, 0.0200699, 0.487309
321, 0.0200699, 0.493523
322, 0.0200699, 0.489009
323, 0.0200699, 0.495749
324, 0.0200699, 0.490203
325, 0.0197358, 0.48781
326, 0.0197358, 0.490445
327, 0.0197358, 0.494388
328, 0.0197358, 0.493394
329, 0.0197358, 0.501806
330, 0.0197358, 0.49644
331, 0.0197064, 0.500872
332, 0.0197064, 0.497384
333, 0.0197064, 0.502313
334, 0.0106701, 0.494632
335, 0.0106701, 0.497048
336, 0.0106701, 0.49388
337, 0.0106701, 0.485336
338, 0.0106701, 0.491511
339, 0.0106701, 0.4948
340, 0.0106701, 0.496416
341, 0.0106701, 0.491964
342, 0.0106701, 0.496247
343, 0.0106701, 0.504782
344, 0.0106701, 0.503907
345, 0.0106701, 0.504011
346, 0.0106701, 0.501058
347, 0.0106701, 0.500889
348, 0.0106701, 0.507888
349, 0.0106701, 0.508532
350, 0.0106117, 0.498037
351, 0.0106117, 0.493935
352, 0.0106117, 0.495108
353, 0.0106117, 0.497739
354, 0.0106117, 0.501636
355, 0.0106117, 0.50403
356, 0.0106117, 0.498164
357, 0.0106117, 0.489378
358, 0.0106117, 0.499778
359, 0.0106117, 0.493173
360, 0.0106117, 0.496836
361, 0.0106117, 0.497003
362, 0.0106117, 0.498805
363, 0.0106117, 0.511914
364, 0.0106117, 0.517723
365, 0.0106117, 0.509749
366, 0.0106117, 0.501871
367, 0.0106117, 0.503565
368, 0.0106117, 0.495233
369, 0.0106117, 0.51019
370, 0.0106117, 0.4991
371, 0.0106117, 0.501655
372, 0.0106117, 0.502167
373, 0.0106117, 0.504429
374, 0.0106117, 0.505251
375, 0.0106117, 0.5171
376, 0.0106117, 0.506617
377, 0.0106117, 0.504516
378, 0.0106117, 0.502855
379, 0.0106117, 0.502324
380, 0.0106117, 0.493499
381, 0.0106117, 0.481271
382, 0.0106117, 0.475341
383, 0.0106117, 0.487548
384, 0.0106117, 0.484542
385, 0.0106117, 0.485242
386, 0.0106117, 0.495942
387, 0.0106117, 0.492803
388, 0.0106117, 0.512215
389, 0.0106117, 0.502978
390, 0.0106117, 0.495574
391, 0.0106117, 0.498809
392, 0.0106117, 0.500119
393, 0.0106117, 0.492907
394, 0.0106117, 0.470785
395, 0.0106117, 0.477164
396, 0.0106117, 0.489047
397, 0.0106117, 0.490031
398, 0.0106117, 0.491101
399, 0.0106117, 0.49835
400, 0.0106117, 0.496851
401, 0.0106117, 0.505688
402, 0.0106117, 0.500815
403, 0.0106117, 0.490402
404, 0.0106117, 0.497267
405, 0.0106117, 0.505186
406, 0.0106117, 0.48742
407, 0.0106117, 0.499336
408, 0.0106117, 0.49835
409, 0.0106117, 0.513422
410, 0.0106117, 0.494822
411, 0.0106117, 0.51364
412, 0.0106117, 0.494148
413, 0.0106117, 0.493381
414, 0.0106117, 0.496885
415, 0.0106117, 0.49536
416, 0.0106117, 0.497659
417, 0.0106117, 0.486342
418, 0.0106117, 0.48859
419, 0.0106117, 0.490407
420, 0.0106117, 0.484833
421, 0.0106117, 0.501793
422, 0.0106117, 0.505146
423, 0.0106117, 0.500828
424, 0.0106117, 0.483865
425, 0.0106117, 0.493329
426, 0.0106117, 0.481542
427, 0.0106117, 0.493946
428, 0.0106117, 0.504445
429, 0.0106117, 0.508337
430, 0.0106117, 0.503773
431, 0.0106117, 0.50683
432, 0.0106117, 0.503976
433, 0.0106117, 0.513598
434, 0.0106117, 0.511137
435, 0.0106117, 0.508908
436, 0.0106117, 0.496171
437, 0.0106117, 0.500891
438, 0.0106117, 0.498123
439, 0.0106117, 0.501144
440, 0.0106117, 0.496557
441, 0.0106117, 0.495002
442, 0.0106117, 0.512186
443, 0.0106117, 0.500149
444, 0.0106117, 0.50003
445, 0.0106117, 0.498817
446, 0.0106117, 0.50252
447, 0.0106117, 0.490935
448, 0.0106117, 0.496031
449, 0.0106117, 0.498958
450, 0.0106117, 0.500728
451, 0.0106117, 0.513308
452, 0.0106117, 0.496882
453, 0.0106117, 0.500945
454, 0.0106117, 0.494376
455, 0.0106117, 0.486929
456, 0.0106117, 0.490258
457, 0.0106117, 0.486947
458, 0.0106117, 0.502945
459, 0.0106117, 0.509969
460, 0.0106117, 0.510814
461, 0.0106117, 0.500699
462, 0.0106117, 0.50748
463, 0.0106117, 0.502601
464, 0.0106117, 0.50167
465, 0.0106117, 0.506486
466, 0.0106117, 0.50293
467, 0.0106117, 0.512043
468, 0.0106117, 0.507208
469, 0.0106117, 0.49197
470, 0.0106117, 0.484141
471, 0.0106117, 0.482934
472, 0.0106117, 0.485952
473, 0.0106117, 0.488427
474, 0.0106117, 0.490131
475, 0.0106117, 0.500526
476, 0.0106117, 0.494316
477, 0.0106117, 0.494571
478, 0.0106117, 0.496587
479, 0.0106117, 0.490492
480, 0.0106117, 0.486563
481, 0.0106117, 0.488007
482, 0.0106117, 0.487466
483, 0.0106117, 0.490173
484, 0.0106117, 0.478556
485, 0.0106117, 0.482536
486, 0.0106117, 0.486082
487, 0.0106117, 0.485094
488, 0.0106117, 0.483952
489, 0.0106117, 0.487866
490, 0.0106117, 0.484901
491, 0.0106117, 0.477698
492, 0.0106117, 0.491205
493, 0.0106117, 0.493264
494, 0.0106117, 0.494865
495, 0.0106117, 0.489778
496, 0.0106117, 0.489952
497, 0.0106117, 0.492846
498, 0.0106117, 0.4998
499, 0.0106117, 0.49151
500, 0.0106117, 0.494539
501, 0.0106117, 0.496612
502, 0.0106117, 0.498467
503, 0.0106117, 0.499437
504, 0.0106117, 0.500267
505, 0.0106117, 0.50367
506, 0.0106117, 0.502673
507, 0.0106117, 0.518284
508, 0.0106117, 0.502939
509, 0.0106117, 0.506224
510, 0.0106117, 0.49757
511, 0.0106117, 0.494726
512, 0.0106117, 0.495775
513, 0.0106117, 0.493866
514, 0.0106117, 0.493984
515, 0.0106117, 0.503572
516, 0.0106117, 0.497053
517, 0.0106117, 0.506227
518, 0.0106117, 0.511376
519, 0.0106117, 0.513387
520, 0.0106117, 0.51152
521, 0.0106117, 0.512811
522, 0.0106117, 0.512228
523, 0.0106117, 0.499911
524, 0.0106117, 0.491143
525, 0.0106117, 0.493277
526, 0.0106117, 0.489478
527, 0.0106117, 0.482054
528, 0.0106117, 0.493268
529, 0.0106117, 0.486088
530, 0.0106117, 0.493669
531, 0.0106117, 0.479964
532, 0.0106117, 0.481974
533, 0.0106117, 0.50519
534, 0.0106117, 0.48912
535, 0.0106117, 0.502828
536, 0.0106117, 0.49383
537, 0.0106117, 0.492372
538, 0.0106117, 0.490175
539, 0.0106117, 0.483749
540, 0.0106117, 0.500091
541, 0.0106117, 0.493289
542, 0.0106117, 0.499371
543, 0.0106117, 0.503847
544, 0.0106117, 0.495671
545, 0.0106117, 0.512525
546, 0.0106117, 0.500152
547, 0.0106117, 0.502542
548, 0.0106117, 0.493797
549, 0.0106117, 0.478161
550, 0.0106117, 0.490972
551, 0.0106117, 0.490147
552, 0.0106117, 0.480344
553, 0.0106117, 0.489003
554, 0.0106117, 0.487425
555, 0.0106117, 0.490729
556, 0.0106117, 0.48891
557, 0.0106117, 0.489441
558, 0.0106117, 0.492211
559, 0.0106117, 0.504382
560, 0.0106117, 0.512248
561, 0.0106117, 0.51333
562, 0.0106117, 0.507669
563, 0.0106117, 0.502004
564, 0.0106117, 0.505993
565, 0.0106117, 0.506412
566, 0.0106117, 0.512518
567, 0.0106117, 0.518132
568, 0.0106117, 0.520228
569, 0.0106117, 0.522201
570, 0.0106117, 0.509236
571, 0.0106117, 0.503399
572, 0.0106117, 0.507303
573, 0.0106117, 0.506301
574, 0.0106117, 0.518725
575, 0.0106117, 0.50392
576, 0.00700563, 0.497434
577, 0.00700563, 0.501827
578, 0.00700563, 0.494466
579, 0.00700563, 0.505116
580, 0.00700563, 0.497826
581, 0.00700563, 0.502363
582, 0.00700563, 0.499385
583, 0.00700563, 0.4922
584, 0.00700563, 0.495828
585, 0.00700563, 0.49205
586, 0.00700563, 0.499234
587, 0.00700563, 0.493324
588, 0.00700563, 0.490867
589, 0.00700563, 0.499368
590, 0.00700563, 0.487706
591, 0.000513169, 0.488929
592, 0.000513169, 0.488226
593, 0.000513169, 0.494219
594, 0.000513169, 0.500956
595, 0.000513169, 0.499069
596, 0.000513169, 0.504063
597, 0.000513169, 0.507851
598, 0.000513169, 0.503904
599, 0.000513169, 0.516271
600, 0.000513169, 0.505576
601, 0.000513169, 0.514457
602, 0.000513169, 0.503879
603, 0.000513169, 0.511897
604, 0.00046406, 0.507959
605, 0.000455856, 0.512809
606, 0.000455856, 0.503277
607, 0.000455856, 0.505011
608, 0.000455856, 0.511498
609, 0.000455856, 0.511913
610, 2.54379e-05, 0.500067
611, 2.54379e-05, 0.500617
612, 2.54379e-05, 0.497286
613, 2.54379e-05, 0.493078
614, 2.54379e-05, 0.495391
615, 2.54379e-05, 0.501884
616, 2.54379e-05, 0.494571
617, 2.54379e-05, 0.498639
618, 2.54379e-05, 0.506138
619, 2.54379e-05, 0.498475
620, 2.54379e-05, 0.505284
621, 2.54379e-05, 0.49863
622, 2.54379e-05, 0.501533
623, 2.54379e-05, 0.496459
624, 2.54379e-05, 0.497739
625, 2.54379e-05, 0.481797
626, 2.54379e-05, 0.498838
627, 2.54379e-05, 0.49057
628, 2.54379e-05, 0.500129
629, 2.54379e-05, 0.502378
630, 2.54379e-05, 0.513803
631, 2.54379e-05, 0.49701
632, 2.54379e-05, 0.489679
633, 2.54379e-05, 0.489279
634, 2.54379e-05, 0.496678
635, 2.54379e-05, 0.483134
636, 2.54379e-05, 0.481993
637, 2.54379e-05, 0.471327
638, 2.54379e-05, 0.473808
639, 2.54379e-05, 0.487451
640, 2.54379e-05, 0.481098
641, 2.54379e-05, 0.479703
642, 2.54379e-05, 0.474135
643, 2.54379e-05, 0.478278
644, 2.54379e-05, 0.480457
645, 2.54379e-05, 0.47361
646, 2.54379e-05, 0.471707
647, 2.54379e-05, 0.476519
648, 2.54379e-05, 0.462807
649, 2.54379e-05, 0.458779
650, 2.54379e-05, 0.459266
651, 2.54379e-05, 0.471186
652, 2.54379e-05, 0.464801
653, 2.54379e-05, 0.478583
654, 2.54379e-05, 0.468224
655, 2.54379e-05, 0.479946
656, 2.54379e-05, 0.482342
657, 2.54379e-05, 0.485194
658, 2.54379e-05, 0.481632
659, 2.54379e-05, 0.47811
660, 2.54379e-05, 0.475053
661, 2.54379e-05, 0.481818
662, 2.54379e-05, 0.478836
663, 2.54379e-05, 0.479437
664, 2.54379e-05, 0.472164
665, 2.54379e-05, 0.473446
666, 2.54379e-05, 0.486875
667, 2.54379e-05, 0.482886
668, 2.54379e-05, 0.485518
669, 2.54379e-05, 0.492796
670, 2.54379e-05, 0.509184
671, 2.54379e-05, 0.511475
672, 2.54379e-05, 0.50766
673, 2.54379e-05, 0.507077
674, 2.54379e-05, 0.512763
675, 2.54379e-05, 0.524034
676, 2.54379e-05, 0.509815
677, 2.54379e-05, 0.496917
678, 2.54379e-05, 0.507351
679, 2.54379e-05, 0.497389
680, 2.54379e-05, 0.505456
681, 2.54379e-05, 0.487181
682, 2.54379e-05, 0.498856
683, 2.54379e-05, 0.500665
684, 2.54379e-05, 0.49604
685, 2.54379e-05, 0.507768
686, 2.54379e-05, 0.510832
687, 2.54379e-05, 0.502398
688, 2.54379e-05, 0.506896
689, 2.54379e-05, 0.504471
690, 2.54379e-05, 0.498861
691, 2.54379e-05, 0.508362
692, 2.54379e-05, 0.508133
693, 2.54379e-05, 0.512793
694, 2.54379e-05, 0.521275
695, 2.54379e-05, 0.508708
696, 2.54379e-05, 0.508901
697, 2.54379e-05, 0.514168
698, 2.54379e-05, 0.522167
699, 2.54379e-05, 0.518632
700, 2.54379e-05, 0.519932
701, 2.54379e-05, 0.511893
702, 2.54379e-05, 0.512886
703, 2.54379e-05, 0.506886
704, 2.54379e-05, 0.503063
705, 2.54379e-05, 0.516349
706, 2.54379e-05, 0.515049
707, 2.54379e-05, 0.511281
708, 2.54379e-05, 0.507239
709, 2.54379e-05, 0.501901
710, 2.54379e-05, 0.502967
711, 2.54379e-05, 0.498055
712, 2.54379e-05, 0.497576
713, 2.54379e-05, 0.503489
714, 2.54379e-05, 0.501193
715, 2.54379e-05, 0.488417
716, 2.54379e-05, 0.485042
717, 2.54379e-05, 0.489521
718, 2.54379e-05, 0.485378
719, 2.54379e-05, 0.494835
720, 2.54379e-05, 0.487822
721, 2.54379e-05, 0.497574
722, 2.54379e-05, 0.492765
723, 2.54379e-05, 0.499692
724, 2.54379e-05, 0.502413
725, 2.54379e-05, 0.499456
726, 2.54379e-05, 0.499817
727, 2.54379e-05, 0.502808
728, 2.54379e-05, 0.503888
729, 2.54379e-05, 0.500985
730, 2.54379e-05, 0.502092
731, 2.54379e-05, 0.486457
732, 2.54379e-05, 0.471905
733, 2.54379e-05, 0.475275
734, 2.54379e-05, 0.472043
735, 2.54379e-05, 0.474233
736, 2.54379e-05, 0.454213
737, 2.54379e-05, 0.468409
738, 2.54379e-05, 0.468659
739, 2.54379e-05, 0.471505
740, 2.54379e-05, 0.482343
741, 2.54379e-05, 0.486651
742, 2.54379e-05, 0.501217
743, 2.54379e-05, 0.49291
744, 2.54379e-05, 0.495453
745, 2.54379e-05, 0.496423
746, 2.54379e-05, 0.492377
747, 2.54379e-05, 0.505562
748, 2.54379e-05, 0.501224
749, 2.54379e-05, 0.488561
750, 2.54379e-05, 0.487193
751, 2.54379e-05, 0.489633
752, 2.54379e-05, 0.49004
753, 2.54379e-05, 0.481718
754, 2.54379e-05, 0.478867
755, 2.54379e-05, 0.481703
756, 2.54379e-05, 0.491131
757, 2.54379e-05, 0.491268
758, 2.54379e-05, 0.47866
759, 2.54379e-05, 0.486047
760, 2.54379e-05, 0.493205
761, 2.54379e-05, 0.477684
762, 2.54379e-05, 0.47539
763, 2.54379e-05, 0.466832
764, 2.54379e-05, 0.468334
765, 2.54379e-05, 0.469155
766, 2.54379e-05, 0.470198
767, 2.54379e-05, 0.461839
768, 2.54379e-05, 0.452666
769, 2.54379e-05, 0.475789
770, 2.54379e-05, 0.484714
771, 2.54379e-05, 0.479891
772, 2.54379e-05, 0.483933
773, 2.54379e-05, 0.480555
774, 2.54379e-05, 0.487494
775, 2.54379e-05, 0.483209
776, 2.54379e-05, 0.485864
777, 2.54379e-05, 0.486538
778, 2.54379e-05, 0.484913
779, 2.54379e-05, 0.485726
780, 2.54379e-05, 0.491198
781, 2.54379e-05, 0.485489
782, 2.54379e-05, 0.480632
783, 2.54379e-05, 0.482099
784, 2.54379e-05, 0.493238
785, 2.54379e-05, 0.487623
786, 2.54379e-05, 0.489897
787, 2.54379e-05, 0.482634
788, 2.54379e-05, 0.487003
789, 2.54379e-05, 0.491046
790, 2.54379e-05, 0.495258
791, 2.54379e-05, 0.495143
792, 2.54379e-05, 0.480227
793, 2.54379e-05, 0.475587
794, 2.54379e-05, 0.487092
795, 2.54379e-05, 0.493316
796, 2.54379e-05, 0.479684
797, 2.54379e-05, 0.493826
798, 2.54379e-05, 0.497524
799, 2.54379e-05, 0.489085
800, 2.54379e-05, 0.489266
801, 2.54379e-05, 0.47783
802, 2.54379e-05, 0.492526
803, 2.54379e-05, 0.480894
804, 2.54379e-05, 0.490486
805, 2.54379e-05, 0.488496
806, 2.54379e-05, 0.487853
807, 2.54379e-05, 0.494652
808, 2.54379e-05, 0.490943
809, 2.54379e-05, 0.486323
810, 2.54379e-05, 0.478526
811, 2.54379e-05, 0.488643
812, 2.54379e-05, 0.478797
813, 2.54379e-05, 0.479507
814, 2.54379e-05, 0.482349
815, 2.54379e-05, 0.490089
816, 2.54379e-05, 0.490235
817, 2.54379e-05, 0.486021
818, 2.54379e-05, 0.481809
819, 2.54379e-05, 0.478858
820, 2.54379e-05, 0.491884
821, 2.54379e-05, 0.474475
822, 2.54379e-05, 0.486792
823, 2.54379e-05, 0.474846
824, 2.54379e-05, 0.482839
825, 2.54379e-05, 0.495403
826, 2.54379e-05, 0.483062
827, 2.54379e-05, 0.468783
828, 2.54379e-05, 0.474322
829, 2.54379e-05, 0.480784
830, 2.54379e-05, 0.466614
831, 2.54379e-05, 0.484884
832, 2.54379e-05, 0.481568
833, 2.54379e-05, 0.48054
834, 2.54379e-05, 0.493651
835, 2.54379e-05, 0.499471
836, 2.54379e-05, 0.515077
837, 2.54379e-05, 0.506167
838, 2.54379e-05, 0.508548
839, 2.54379e-05, 0.511544
840, 2.54379e-05, 0.499252
841, 2.54379e-05, 0.494107
842, 2.54379e-05, 0.481185
843, 2.54379e-05, 0.487144
844, 2.54379e-05, 0.483647
845, 2.54379e-05, 0.480516
846, 2.54379e-05, 0.48456
847, 2.54379e-05, 0.490729
848, 2.54379e-05, 0.505365
849, 2.54379e-05, 0.505901
850, 2.54379e-05, 0.503435
851, 2.54379e-05, 0.498501
852, 2.54379e-05, 0.502541
853, 2.54379e-05, 0.495543
854, 2.54379e-05, 0.503542
855, 2.54379e-05, 0.495201
856, 2.54379e-05, 0.490699
857, 2.54379e-05, 0.500979
858, 2.54379e-05, 0.497447
859, 2.54379e-05, 0.491413
860, 2.54379e-05, 0.50665
861, 2.54379e-05, 0.502727
862, 2.54379e-05, 0.49945
863, 2.54379e-05, 0.505561
864, 2.54379e-05, 0.492159
865, 2.54379e-05, 0.503558
866, 2.54379e-05, 0.493584
867, 2.54379e-05, 0.504475
868, 2.54379e-05, 0.507846
869, 2.54379e-05, 0.506734
870, 2.54379e-05, 0.498562
871, 2.54379e-05, 0.494574
872, 2.54379e-05, 0.495508
873, 2.54379e-05, 0.494454
874, 2.54379e-05, 0.494305
875, 2.54379e-05, 0.486997
876, 2.54379e-05, 0.479283
877, 2.54379e-05, 0.480057
878, 2.54379e-05, 0.475717
879, 2.54379e-05, 0.479328
880, 2.54379e-05, 0.484587
881, 2.54379e-05, 0.488777
882, 2.54379e-05, 0.489683
883, 2.54379e-05, 0.482335
884, 2.54379e-05, 0.487583
885, 2.54379e-05, 0.498148
886, 2.54379e-05, 0.498168
887, 2.54379e-05, 0.493792
888, 2.54379e-05, 0.48788
889, 2.54379e-05, 0.471231
890, 2.54379e-05, 0.485976
891, 2.54379e-05, 0.477427
892, 2.54379e-05, 0.483201
893, 2.54379e-05, 0.499259
894, 2.54379e-05, 0.492422
895, 2.54379e-05, 0.510327
896, 2.54379e-05, 0.499985
897, 2.54379e-05, 0.49833
898, 2.54379e-05, 0.502586
899, 2.54379e-05, 0.50286
900, 2.54379e-05, 0.503988
901, 2.54379e-05, 0.505881
902, 2.54379e-05, 0.505471
903, 2.54379e-05, 0.517674
904, 2.54379e-05, 0.49962
905, 2.54379e-05, 0.509509
906, 2.54379e-05, 0.502743
907, 2.54379e-05, 0.485381
908, 2.54379e-05, 0.492303
909, 2.54379e-05, 0.502071
910, 2.54379e-05, 0.492283
911, 2.54379e-05, 0.495807
912, 2.54379e-05, 0.499093
913, 2.54379e-05, 0.495526
914, 2.54379e-05, 0.502586
915, 2.54379e-05, 0.511118
916, 2.54379e-05, 0.501592
917, 2.54379e-05, 0.489869
918, 2.54379e-05, 0.491871
919, 2.54379e-05, 0.507735
920, 2.54379e-05, 0.498995
921, 2.54379e-05, 0.492716
922, 2.54379e-05, 0.496237
923, 2.54379e-05, 0.49467
924, 2.54379e-05, 0.494813
925, 2.54379e-05, 0.503947
926, 2.54379e-05, 0.492085
927, 2.54379e-05, 0.491674
928, 2.54379e-05, 0.485341
929, 2.54379e-05, 0.489885
930, 2.54379e-05, 0.493542
931, 2.54379e-05, 0.496868
932, 2.54379e-05, 0.499982
933, 2.54379e-05, 0.502806
934, 2.54379e-05, 0.505233
935, 2.54379e-05, 0.48404
936, 2.54379e-05, 0.478594
937, 2.54379e-05, 0.472814
938, 2.54379e-05, 0.477719
939, 2.54379e-05, 0.470431
940, 2.54379e-05, 0.478963
941, 2.54379e-05, 0.470215
942, 2.54379e-05, 0.48177
943, 2.54379e-05, 0.490773
944, 2.54379e-05, 0.496313
945, 2.54379e-05, 0.492641
946, 2.54379e-05, 0.491151
947, 2.54379e-05, 0.486012
948, 2.54379e-05, 0.495626
949, 2.54379e-05, 0.480995
950, 2.54379e-05, 0.487287
951, 2.54379e-05, 0.491819
952, 2.54379e-05, 0.475264
953, 2.54379e-05, 0.484057
954, 2.54379e-05, 0.497545
955, 2.54379e-05, 0.489859
956, 2.54379e-05, 0.492984
957, 2.54379e-05, 0.480476
958, 2.54379e-05, 0.475647
959, 2.54379e-05, 0.482729
960, 2.54379e-05, 0.484666
961, 2.54379e-05, 0.48849
962, 2.54379e-05, 0.485801
963, 2.54379e-05, 0.481202
964, 2.54379e-05, 0.478761
965, 2.54379e-05, 0.484832
966, 2.54379e-05, 0.495269
967, 2.54379e-05, 0.488003
968, 2.54379e-05, 0.498879
969, 2.54379e-05, 0.510113
970, 2.54379e-05, 0.512462
971, 2.54379e-05, 0.519549
972, 2.54379e-05, 0.493956
973, 2.54379e-05, 0.488151
974, 2.54379e-05, 0.488822
975, 2.54379e-05, 0.486659
976, 2.54379e-05, 0.465451
977, 2.54379e-05, 0.482222
978, 2.54379e-05, 0.47936
979, 2.54379e-05, 0.471932
980, 2.54379e-05, 0.470176
981, 2.54379e-05, 0.463518
982, 2.54379e-05, 0.473669
983, 2.54379e-05, 0.464532
984, 2.54379e-05, 0.478854
985, 2.54379e-05, 0.474309
986, 2.54379e-05, 0.474896
987, 2.54379e-05, 0.487065
988, 2.54379e-05, 0.48166
989, 2.54379e-05, 0.496611
990, 2.54379e-05, 0.497762
991, 2.54379e-05, 0.486173
992, 2.54379e-05, 0.489214
993, 2.54379e-05, 0.489553
994, 2.54379e-05, 0.490635
995, 2.54379e-05, 0.481553
996, 2.54379e-05, 0.471016
997, 2.54379e-05, 0.469607
998, 2.54379e-05, 0.470983
999, 2.54379e-05, 0.482239
1000, 2.54379e-05, 0.477832
1001, 2.54379e-05, 0.475843
1002, 2.54379e-05, 0.48203
1003, 2.54379e-05, 0.483069
1004, 2.54379e-05, 0.468898
1005, 2.54379e-05, 0.484868
1006, 2.54379e-05, 0.478755
1007, 2.54379e-05, 0.477566
1008, 2.54379e-05, 0.470728
1009, 2.54379e-05, 0.47252
1010, 2.54379e-05, 0.477769
1011, 2.54379e-05, 0.480361
1012, 2.54379e-05, 0.483765
1013, 2.54379e-05, 0.480746
1014, 2.54379e-05, 0.472324
1015, 2.54379e-05, 0.476675
1016, 2.54379e-05, 0.488508
1017, 2.54379e-05, 0.496315
1018, 2.54379e-05, 0.491034
1019, 2.54379e-05, 0.512016
1020, 2.54379e-05, 0.512891
1021, 2.54379e-05, 0.507208
1022, 2.54379e-05, 0.497602
1023, 2.54379e-05, 0.501616
1024, 2.54379e-05, 0.491296
1025, 2.54379e-05, 0.490615
1026, 2.54379e-05, 0.487736
1027, 2.54379e-05, 0.484153
1028, 2.54379e-05, 0.487277
1029, 2.54379e-05, 0.494504
1030, 2.54379e-05, 0.476083
1031, 2.54379e-05, 0.480077
1032, 2.54379e-05, 0.483835
1033, 2.54379e-05, 0.478834
1034, 2.54379e-05, 0.477944
1035, 2.54379e-05, 0.479196
1036, 2.54379e-05, 0.483947
1037, 2.54379e-05, 0.482756
1038, 2.54379e-05, 0.48615
1039, 2.54379e-05, 0.484195
1040, 2.54379e-05, 0.487562
1041, 2.54379e-05, 0.494386
1042, 2.54379e-05, 0.487257
1043, 2.54379e-05, 0.489687
1044, 2.54379e-05, 0.494929
1045, 2.54379e-05, 0.491073
1046, 2.54379e-05, 0.483274
1047, 2.54379e-05, 0.485821
1048, 2.54379e-05, 0.461507
1049, 2.54379e-05, 0.469612
1050, 2.54379e-05, 0.477356
1051, 2.54379e-05, 0.481104
1052, 2.54379e-05, 0.479689
1053, 2.54379e-05, 0.469702
1054, 2.54379e-05, 0.47789
1055, 2.54379e-05, 0.474888
1056, 2.54379e-05, 0.478539
1057, 2.54379e-05, 0.478517
1058, 2.54379e-05, 0.475322
1059, 2.54379e-05, 0.469965
1060, 2.54379e-05, 0.47418
1061, 2.54379e-05, 0.467372
1062, 2.54379e-05, 0.471278
1063, 2.54379e-05, 0.468498
1064, 2.54379e-05, 0.473349
1065, 2.54379e-05, 0.467055
1066, 2.54379e-05, 0.459457
1067, 2.54379e-05, 0.4566
1068, 2.54379e-05, 0.470365
1069, 2.54379e-05, 0.476099
1070, 2.54379e-05, 0.476289
1071, 2.54379e-05, 0.473192
1072, 2.54379e-05, 0.482477
1073, 2.54379e-05, 0.48653
1074, 2.54379e-05, 0.474122
1075, 2.54379e-05, 0.464282
1076, 2.54379e-05, 0.474912
1077, 2.54379e-05, 0.473566
1078, 2.54379e-05, 0.466827
1079, 2.54379e-05, 0.484501
1080, 2.54379e-05, 0.483239
1081, 2.54379e-05, 0.470355
1082, 2.54379e-05, 0.472175
1083, 2.54379e-05, 0.476005
1084, 2.54379e-05, 0.463078
1085, 2.54379e-05, 0.453911
1086, 2.54379e-05, 0.464159
1087, 2.54379e-05, 0.458337
1088, 2.54379e-05, 0.465836
1089, 2.54379e-05, 0.484123
1090, 2.54379e-05, 0.496784
1091, 2.54379e-05, 0.502322
1092, 2.54379e-05, 0.499852
1093, 2.54379e-05, 0.493355
1094, 2.54379e-05, 0.487509
1095, 2.54379e-05, 0.475844
1096, 2.54379e-05, 0.488903
1097, 2.54379e-05, 0.497244
1098, 2.54379e-05, 0.504134
1099, 2.54379e-05, 0.491504
1100, 2.54379e-05, 0.483455
1101, 2.54379e-05, 0.470334
1102, 2.54379e-05, 0.471491
1103, 2.54379e-05, 0.47179
1104, 2.54379e-05, 0.49605
1105, 2.54379e-05, 0.486926
1106, 2.54379e-05, 0.489067
1107, 2.54379e-05, 0.49828
1108, 2.54379e-05, 0.501685
1109, 2.54379e-05, 0.500308
1110, 2.54379e-05, 0.491707
1111, 2.54379e-05, 0.490341
1112, 2.54379e-05, 0.484373
1113, 2.54379e-05, 0.480905
1114, 2.54379e-05, 0.468256
1115, 2.54379e-05, 0.470682
1116, 2.54379e-05, 0.463576
1117, 2.54379e-05, 0.470004
1118, 2.54379e-05, 0.474315
1119, 2.54379e-05, 0.480349
1120, 2.54379e-05, 0.466807
1121, 2.54379e-05, 0.45993
1122, 2.54379e-05, 0.461847
1123, 2.54379e-05, 0.466662
1124, 2.54379e-05, 0.477365
1125, 2.54379e-05, 0.481643
1126, 2.54379e-05, 0.478106
1127, 2.54379e-05, 0.476752
1128, 2.54379e-05, 0.470177
1129, 2.54379e-05, 0.478782
1130, 2.54379e-05, 0.473685
1131, 2.54379e-05, 0.474994
1132, 2.54379e-05, 0.474344
1133, 2.54379e-05, 0.476954
1134, 2.54379e-05, 0.470119
1135, 2.54379e-05, 0.482568
1136, 2.54379e-05, 0.478418
1137, 2.54379e-05, 0.471589
1138, 2.54379e-05, 0.486336
1139, 2.54379e-05, 0.483096
1140, 2.54379e-05, 0.481007
1141, 2.54379e-05, 0.498069
1142, 2.54379e-05, 0.504342
1143, 2.54379e-05, 0.497988
1144, 2.54379e-05, 0.486051
1145, 2.54379e-05, 0.477603
1146, 2.54379e-05, 0.494969
1147, 2.54379e-05, 0.485327
1148, 2.54379e-05, 0.496141
1149, 2.54379e-05, 0.472746
1150, 2.54379e-05, 0.480031
1151, 2.54379e-05, 0.47005
1152, 2.54379e-05, 0.477572
1153, 2.54379e-05, 0.478367
1154, 2.54379e-05, 0.478587
1155, 2.54379e-05, 0.487367
1156, 2.54379e-05, 0.485741
1157, 2.54379e-05, 0.476509
1158, 2.54379e-05, 0.484467
1159, 2.54379e-05, 0.475668
1160, 2.54379e-05, 0.476307
1161, 2.54379e-05, 0.473162
1162, 2.54379e-05, 0.478599
1163, 2.54379e-05, 0.485631
1164, 2.54379e-05, 0.500727
1165, 2.54379e-05, 0.491711
1166, 2.54379e-05, 0.497827
1167, 2.54379e-05, 0.496051
1168, 2.54379e-05, 0.501939
1169, 2.54379e-05, 0.493472
1170, 2.54379e-05, 0.489342
1171, 2.54379e-05, 0.497585
1172, 2.54379e-05, 0.486564
1173, 2.54379e-05, 0.487427
1174, 2.54379e-05, 0.476115
1175, 2.54379e-05, 0.478506
1176, 2.54379e-05, 0.487989
1177, 2.54379e-05, 0.490843
1178, 2.54379e-05, 0.487731
1179, 2.54379e-05, 0.48984
1180, 2.54379e-05, 0.475856
1181, 2.54379e-05, 0.485202
1182, 2.54379e-05, 0.491595
1183, 2.54379e-05, 0.474419
1184, 2.54379e-05, 0.486829
1185, 2.54379e-05, 0.476651
1186, 2.54379e-05, 0.477865
1187, 2.54379e-05, 0.479623
1188, 2.54379e-05, 0.485256
1189, 2.54379e-05, 0.49391
1190, 2.54379e-05, 0.481992
1191, 2.54379e-05, 0.487681
1192, 2.54379e-05, 0.479314
1193, 2.54379e-05, 0.475479
1194, 2.54379e-05, 0.472961
1195, 2.54379e-05, 0.475522
1196, 2.54379e-05, 0.478965
1197, 2.54379e-05, 0.472129
1198, 2.54379e-05, 0.481983
1199, 2.54379e-05, 0.475121
1200, 2.54379e-05, 0.4786
1201, 2.54379e-05, 0.484401
1202, 2.54379e-05, 0.48791
1203, 2.54379e-05, 0.481274
1204, 2.54379e-05, 0.483067
1205, 2.54379e-05, 0.484898
1206, 2.54379e-05, 0.491323
1207, 2.54379e-05, 0.484284
1208, 2.54379e-05, 0.484104
1209, 2.54379e-05, 0.48497
1210, 2.54379e-05, 0.470935
1211, 2.54379e-05, 0.48467
1212, 2.54379e-05, 0.47563
1213, 2.54379e-05, 0.478712
1214, 2.54379e-05, 0.482084
1215, 2.54379e-05, 0.481074
1216, 2.54379e-05, 0.478665
1217, 2.54379e-05, 0.489475
1218, 2.54379e-05, 0.483021
1219, 2.54379e-05, 0.460402
1220, 2.54379e-05, 0.458843
1221, 2.54379e-05, 0.452296
1222, 2.54379e-05, 0.46593
1223, 2.54379e-05, 0.462955
1224, 2.54379e-05, 0.473891
1225, 2.54379e-05, 0.468841
1226, 2.54379e-05, 0.467643
1227, 2.54379e-05, 0.463773
1228, 2.54379e-05, 0.464703
1229, 2.54379e-05, 0.472672
1230, 2.54379e-05, 0.47091
1231, 2.54379e-05, 0.481461
1232, 2.54379e-05, 0.481369
1233, 2.54379e-05, 0.475892
1234, 2.54379e-05, 0.482535
1235, 2.54379e-05, 0.487881
1236, 2.54379e-05, 0.497401
1237, 2.54379e-05, 0.499633
1238, 2.54379e-05, 0.491156
1239, 2.54379e-05, 0.475692
1240, 2.54379e-05, 0.484605
1241, 2.54379e-05, 0.488098
1242, 2.54379e-05, 0.490072
1243, 2.54379e-05, 0.486821
1244, 2.54379e-05, 0.491513
1245, 2.54379e-05, 0.497462
1246, 2.54379e-05, 0.49173
1247, 2.54379e-05, 0.486243
1248, 2.54379e-05, 0.496308
1249, 2.54379e-05, 0.492211
1250, 2.54379e-05, 0.494799
1251, 2.54379e-05, 0.489878
1252, 2.54379e-05, 0.493046
1253, 2.54379e-05, 0.484297
1254, 2.54379e-05, 0.498794
1255, 2.54379e-05, 0.487421
1256, 2.54379e-05, 0.483314
1257, 2.54379e-05, 0.488208
1258, 2.54379e-05, 0.483496
1259, 2.54379e-05, 0.47742
1260, 2.54379e-05, 0.488451
1261, 2.54379e-05, 0.47807
1262, 2.54379e-05, 0.481107
1263, 2.54379e-05, 0.48559
1264, 2.54379e-05, 0.478262
1265, 2.54379e-05, 0.468598
1266, 2.54379e-05, 0.470802
1267, 2.54379e-05, 0.486281
1268, 2.54379e-05, 0.482025
1269, 2.54379e-05, 0.490531
1270, 2.54379e-05, 0.496049
1271, 2.54379e-05, 0.510488
1272, 2.54379e-05, 0.504866
1273, 2.54379e-05, 0.509062
1274, 2.54379e-05, 0.516908
1275, 2.54379e-05, 0.510704
1276, 2.54379e-05, 0.503451
1277, 2.54379e-05, 0.503924
1278, 2.54379e-05, 0.500126
1279, 2.54379e-05, 0.500737
1280, 2.54379e-05, 0.499027
1281, 2.54379e-05, 0.497412
1282, 2.54379e-05, 0.505749
1283, 2.54379e-05, 0.503297
1284, 2.54379e-05, 0.4914
1285, 2.54379e-05, 0.500373
1286, 2.54379e-05, 0.481335
1287, 2.54379e-05, 0.497661
1288, 2.54379e-05, 0.50008
1289, 2.54379e-05, 0.499432
1290, 2.54379e-05, 0.508727
1291, 2.54379e-05, 0.501015
1292, 2.54379e-05, 0.490388
1293, 2.54379e-05, 0.49347
1294, 2.54379e-05, 0.497074
1295, 2.54379e-05, 0.496527
1296, 2.54379e-05, 0.491277
1297, 2.54379e-05, 0.499034
1298, 2.54379e-05, 0.497704
1299, 2.54379e-05, 0.499378
1300, 2.54379e-05, 0.484107
1301, 2.54379e-05, 0.484509
1302, 2.54379e-05, 0.489649
1303, 2.54379e-05, 0.492523
1304, 2.54379e-05, 0.495439
1305, 2.54379e-05, 0.505555
1306, 2.54379e-05, 0.48264
1307, 2.54379e-05, 0.492155
1308, 2.54379e-05, 0.505393
1309, 2.54379e-05, 0.501056
1310, 2.54379e-05, 0.488469
1311, 2.54379e-05, 0.481282
1312, 2.54379e-05, 0.470066
1313, 2.54379e-05, 0.475247
1314, 2.54379e-05, 0.464112
1315, 2.54379e-05, 0.466222
1316, 2.54379e-05, 0.467696
1317, 2.54379e-05, 0.462919
1318, 2.54379e-05, 0.456293
1319, 2.54379e-05, 0.463082
1320, 2.54379e-05, 0.462922
1321, 2.54379e-05, 0.460575
1322, 2.54379e-05, 0.459021
1323, 2.54379e-05, 0.457897
1324, 2.54379e-05, 0.466291
1325, 2.54379e-05, 0.480055
1326, 2.54379e-05, 0.478567
1327, 2.54379e-05, 0.476124
1328, 2.54379e-05, 0.460405
1329, 2.54379e-05, 0.466927
1330, 2.54379e-05, 0.482879
1331, 2.54379e-05, 0.474811
1332, 2.54379e-05, 0.490856
1333, 2.54379e-05, 0.480878
1334, 2.54379e-05, 0.487967
1335, 2.54379e-05, 0.470632
1336, 2.54379e-05, 0.470411
1337, 2.54379e-05, 0.484376
1338, 2.54379e-05, 0.474541
1339, 2.54379e-05, 0.475985
1340, 2.54379e-05, 0.471147
1341, 2.54379e-05, 0.482981
1342, 2.54379e-05, 0.480853
1343, 2.54379e-05, 0.47548
1344, 2.54379e-05, 0.480542
1345, 2.54379e-05, 0.492255
1346, 2.54379e-05, 0.493993
1347, 2.54379e-05, 0.494607
1348, 2.54379e-05, 0.484665
1349, 2.54379e-05, 0.482213
1350, 2.54379e-05, 0.455797
1351, 2.54379e-05, 0.477273
1352, 2.54379e-05, 0.473379
1353, 2.54379e-05, 0.478643
1354, 2.54379e-05, 0.48
1355, 2.54379e-05, 0.464007
1356, 2.54379e-05, 0.471051
1357, 2.54379e-05, 0.470089
1358, 2.54379e-05, 0.467768
1359, 2.54379e-05, 0.468656
1360, 2.54379e-05, 0.46867
1361, 2.54379e-05, 0.496885
1362, 2.54379e-05, 0.47359
1363, 2.54379e-05, 0.479761
1364, 2.54379e-05, 0.489882
1365, 2.54379e-05, 0.474603
1366, 2.54379e-05, 0.483045
1367, 2.54379e-05, 0.474217
1368, 2.54379e-05, 0.475571
1369, 2.54379e-05, 0.477473
1370, 2.54379e-05, 0.474629
1371, 2.54379e-05, 0.467345
1372, 2.54379e-05, 0.462543
1373, 2.54379e-05, 0.473871
1374, 2.54379e-05, 0.469728
1375, 2.54379e-05, 0.45152
1376, 2.54379e-05, 0.465387
1377, 2.54379e-05, 0.461487
1378, 2.54379e-05, 0.460421
1379, 2.54379e-05, 0.470991
1380, 2.54379e-05, 0.466611
1381, 2.54379e-05, 0.474554
1382, 2.54379e-05, 0.460383
1383, 2.54379e-05, 0.473224
1384, 2.54379e-05, 0.47389
1385, 2.54379e-05, 0.460473
1386, 2.54379e-05, 0.466098
1387, 2.54379e-05, 0.46588
1388, 2.54379e-05, 0.465164
1389, 2.54379e-05, 0.462973
1390, 2.54379e-05, 0.478907
1391, 2.54379e-05, 0.486982
1392, 2.54379e-05, 0.476723
1393, 2.54379e-05, 0.475551
1394, 2.54379e-05, 0.477031
1395, 2.54379e-05, 0.480804
1396, 2.54379e-05, 0.493575
1397, 2.54379e-05, 0.483915
1398, 2.54379e-05, 0.472522
1399, 2.54379e-05, 0.477197
1400, 2.54379e-05, 0.480729
1401, 2.54379e-05, 0.477656
1402, 2.54379e-05, 0.473328
1403, 2.54379e-05, 0.475617
1404, 2.54379e-05, 0.482882
1405, 2.54379e-05, 0.476883
1406, 2.54379e-05, 0.475691
1407, 2.54379e-05, 0.474596
1408, 2.54379e-05, 0.488041
1409, 2.54379e-05, 0.488487
1410, 2.54379e-05, 0.4823
1411, 2.54379e-05, 0.489723
1412, 2.54379e-05, 0.481741
1413, 2.54379e-05, 0.484397
1414, 2.54379e-05, 0.491603
1415, 2.54379e-05, 0.491394
1416, 2.54379e-05, 0.484452
1417, 2.54379e-05, 0.488869
1418, 2.54379e-05, 0.483238
1419, 2.54379e-05, 0.488165
1420, 2.54379e-05, 0.485963
1421, 2.54379e-05, 0.478457
1422, 2.54379e-05, 0.479521
1423, 2.54379e-05, 0.483452
1424, 2.54379e-05, 0.479952
1425, 2.54379e-05, 0.477445
1426, 2.54379e-05, 0.488591
1427, 2.54379e-05, 0.498367
1428, 2.54379e-05, 0.479445
1429, 2.54379e-05, 0.462017
1430, 2.54379e-05, 0.48068
1431, 2.54379e-05, 0.492715
1432, 2.54379e-05, 0.489119
1433, 2.54379e-05, 0.488447
1434, 2.54379e-05, 0.483451
1435, 2.54379e-05, 0.471235
1436, 2.54379e-05, 0.486641
1437, 2.54379e-05, 0.490515
1438, 2.54379e-05, 0.484158
1439, 2.54379e-05, 0.492444
1440, 2.54379e-05, 0.472955
1441, 2.54379e-05, 0.478014
1442, 2.54379e-05, 0.473535
1443, 2.54379e-05, 0.481375
1444, 2.54379e-05, 0.470229
1445, 2.54379e-05, 0.474876
1446, 2.54379e-05, 0.471639
1447, 2.54379e-05, 0.477259
1448, 2.54379e-05, 0.473447
1449, 2.54379e-05, 0.462545
1450, 2.54379e-05, 0.4843
1451, 2.54379e-05, 0.483805
1452, 2.54379e-05, 0.488004
1453, 2.54379e-05, 0.479799
1454, 2.54379e-05, 0.475481
1455, 2.54379e-05, 0.484157
1456, 2.54379e-05, 0.476182
1457, 2.54379e-05, 0.46601
1458, 2.54379e-05, 0.456294
1459, 2.54379e-05, 0.471911
1460, 2.54379e-05, 0.466414
1461, 2.54379e-05, 0.453407
1462, 2.54379e-05, 0.457967
1463, 2.54379e-05, 0.461076
1464, 2.54379e-05, 0.482719
1465, 2.54379e-05, 0.4812
1466, 2.54379e-05, 0.483671
1467, 2.54379e-05, 0.478485
1468, 2.54379e-05, 0.475918
1469, 2.54379e-05, 0.480182
1470, 2.54379e-05, 0.476053
1471, 2.54379e-05, 0.47566
1472, 2.54379e-05, 0.473234
1473, 2.54379e-05, 0.489139
1474, 2.54379e-05, 0.488295
1475, 2.54379e-05, 0.473463
1476, 2.54379e-05, 0.465549
1477, 2.54379e-05, 0.475437
1478, 2.54379e-05, 0.478051
1479, 2.54379e-05, 0.46338
1480, 2.54379e-05, 0.464895
1481, 2.54379e-05, 0.477336
1482, 2.54379e-05, 0.489901
1483, 2.54379e-05, 0.480026
1484, 2.54379e-05, 0.478443
1485, 2.54379e-05, 0.474165
1486, 2.54379e-05, 0.475714
1487, 2.54379e-05, 0.472523
1488, 2.54379e-05, 0.48294
1489, 2.54379e-05, 0.469955
1490, 2.54379e-05, 0.468865
1491, 2.54379e-05, 0.470588
1492, 2.54379e-05, 0.469915
1493, 2.54379e-05, 0.462399
1494, 2.54379e-05, 0.474184
1495, 2.54379e-05, 0.479666
1496, 2.54379e-05, 0.489113
1497, 2.54379e-05, 0.485162
1498, 2.54379e-05, 0.483731
1499, 2.54379e-05, 0.476042
1500, 2.54379e-05, 0.483615
1501, 2.54379e-05, 0.477757
1502, 2.54379e-05, 0.483658
1503, 2.54379e-05, 0.484649
1504, 2.54379e-05, 0.499611
1505, 2.54379e-05, 0.493175
1506, 2.54379e-05, 0.48556
1507, 2.54379e-05, 0.477236
1508, 2.54379e-05, 0.483129
1509, 2.54379e-05, 0.481327
1510, 2.54379e-05, 0.486373
1511, 2.54379e-05, 0.483896
1512, 2.54379e-05, 0.47465
1513, 2.54379e-05, 0.492523
1514, 2.54379e-05, 0.49043
1515, 2.54379e-05, 0.482599
1516, 2.54379e-05, 0.497599
1517, 2.54379e-05, 0.4832
1518, 2.54379e-05, 0.491662
1519, 2.54379e-05, 0.485804
1520, 2.54379e-05, 0.48188
1521, 2.54379e-05, 0.468766
1522, 2.54379e-05, 0.460866
1523, 2.54379e-05, 0.471296
1524, 2.54379e-05, 0.47013
1525, 2.54379e-05, 0.475999
1526, 2.54379e-05, 0.458261
1527, 2.54379e-05, 0.481456
1528, 2.54379e-05, 0.48668
1529, 2.54379e-05, 0.48715
1530, 2.54379e-05, 0.480316
1531, 2.54379e-05, 0.48707
1532, 2.54379e-05, 0.480812
1533, 2.54379e-05, 0.476748
1534, 2.54379e-05, 0.492074
1535, 2.54379e-05, 0.465278
1536, 2.54379e-05, 0.473347
1537, 2.54379e-05, 0.476158
1538, 2.54379e-05, 0.473076
1539, 2.54379e-05, 0.45586
1540, 2.54379e-05, 0.476425
1541, 2.54379e-05, 0.475581
1542, 2.54379e-05, 0.482996
1543, 2.54379e-05, 0.478637
1544, 2.54379e-05, 0.483501
1545, 2.54379e-05, 0.489229
1546, 2.54379e-05, 0.481749
1547, 2.54379e-05, 0.483907
1548, 2.54379e-05, 0.484206
1549, 2.54379e-05, 0.479878
1550, 2.54379e-05, 0.467797
1551, 2.54379e-05, 0.476705
1552, 2.54379e-05, 0.466121
1553, 2.54379e-05, 0.47612
1554, 2.54379e-05, 0.491055
1555, 2.54379e-05, 0.473089
1556, 2.54379e-05, 0.468241
1557, 2.54379e-05, 0.48508
1558, 2.54379e-05, 0.466154
1559, 2.54379e-05, 0.481401
1560, 2.54379e-05, 0.464268
1561, 2.54379e-05, 0.477699
1562, 2.54379e-05, 0.466576
1563, 2.54379e-05, 0.491374
1564, 2.54379e-05, 0.494254
1565, 2.54379e-05, 0.496104
1566, 2.54379e-05, 0.508722
1567, 2.54379e-05, 0.495545
1568, 2.54379e-05, 0.490331
1569, 2.54379e-05, 0.484465
1570, 2.54379e-05, 0.484088
1571, 2.54379e-05, 0.492525
1572, 2.54379e-05, 0.48833
1573, 2.54379e-05, 0.496134
1574, 2.54379e-05, 0.488681
1575, 2.54379e-05, 0.497346
1576, 2.54379e-05, 0.492104
1577, 2.54379e-05, 0.481426
1578, 2.54379e-05, 0.493911
1579, 2.54379e-05, 0.493179
1580, 2.54379e-05, 0.485993
1581, 2.54379e-05, 0.495639
1582, 2.54379e-05, 0.492867
1583, 2.54379e-05, 0.486697
1584, 2.54379e-05, 0.475345
1585, 2.54379e-05, 0.479624
1586, 2.54379e-05, 0.484453
1587, 2.54379e-05, 0.482326
1588, 2.54379e-05, 0.481224
1589, 2.54379e-05, 0.480305
1590, 2.54379e-05, 0.48495
1591, 2.54379e-05, 0.482149
1592, 2.54379e-05, 0.475011
1593, 2.54379e-05, 0.488421
1594, 2.54379e-05, 0.481458
1595, 2.54379e-05, 0.48263
1596, 2.54379e-05, 0.483745
1597, 2.54379e-05, 0.484824
1598, 2.54379e-05, 0.479048
1599, 2.54379e-05, 0.482434
1600, 2.54379e-05, 0.481541
1601, 2.54379e-05, 0.479931
1602, 2.54379e-05, 0.479729
1603, 2.54379e-05, 0.474408
1604, 2.54379e-05, 0.487058
1605, 2.54379e-05, 0.497794
1606, 2.54379e-05, 0.505335
1607, 2.54379e-05, 0.495609
1608, 2.54379e-05, 0.480724
1609, 2.54379e-05, 0.491832
1610, 2.54379e-05, 0.47059
1611, 2.54379e-05, 0.474442
1612, 2.54379e-05, 0.484844
1613, 2.54379e-05, 0.46659
1614, 2.54379e-05, 0.474137
1615, 2.54379e-05, 0.46207
1616, 2.54379e-05, 0.466049
1617, 2.54379e-05, 0.477253
1618, 2.54379e-05, 0.471794
1619, 2.54379e-05, 0.477827
1620, 2.54379e-05, 0.488324
1621, 2.54379e-05, 0.485771
1622, 2.54379e-05, 0.48941
1623, 2.54379e-05, 0.480061
1624, 2.54379e-05, 0.483248
1625, 2.54379e-05, 0.482833
1626, 2.54379e-05, 0.490169
1627, 2.54379e-05, 0.486435
1628, 2.54379e-05, 0.488825
1629, 2.54379e-05, 0.493
1630, 2.54379e-05, 0.481581
1631, 2.54379e-05, 0.482796
1632, 2.54379e-05, 0.472714
1633, 2.54379e-05, 0.479799
1634, 2.54379e-05, 0.49404
1635, 2.54379e-05, 0.495122
1636, 2.54379e-05, 0.501746
1637, 2.54379e-05, 0.484555
1638, 2.54379e-05, 0.480873
1639, 2.54379e-05, 0.495901
1640, 2.54379e-05, 0.487303
1641, 2.54379e-05, 0.486818
1642, 2.54379e-05, 0.493492
1643, 2.54379e-05, 0.495958
1644, 2.54379e-05, 0.487356
1645, 2.54379e-05, 0.505295
1646, 2.54379e-05, 0.50083
1647, 2.54379e-05, 0.504664
1648, 2.54379e-05, 0.516011
1649, 2.54379e-05, 0.497718
1650, 2.54379e-05, 0.502803
1651, 2.54379e-05, 0.507943
1652, 2.54379e-05, 0.50196
1653, 2.54379e-05, 0.484423
1654, 2.54379e-05, 0.495172
1655, 2.54379e-05, 0.492753
1656, 2.54379e-05, 0.489746
1657, 2.54379e-05, 0.492148
1658, 2.54379e-05, 0.497095
1659, 2.54379e-05, 0.491789
1660, 2.54379e-05, 0.490169
1661, 2.54379e-05, 0.497725
1662, 2.54379e-05, 0.49671
1663, 2.54379e-05, 0.487294
1664, 2.54379e-05, 0.499156
1665, 2.54379e-05, 0.504765
1666, 2.54379e-05, 0.497193
1667, 2.54379e-05, 0.498688
1668, 2.54379e-05, 0.49925
1669, 2.54379e-05, 0.489543
1670, 2.54379e-05, 0.492114
1671, 2.54379e-05, 0.504617
1672, 2.54379e-05, 0.510459
1673, 2.54379e-05, 0.497858
1674, 2.54379e-05, 0.490489
1675, 2.54379e-05, 0.507548
1676, 2.54379e-05, 0.501046
1677, 2.54379e-05, 0.49477
1678, 2.54379e-05, 0.482014
1679, 2.54379e-05, 0.49287
1680, 2.54379e-05, 0.489802
1681, 2.54379e-05, 0.484956
1682, 2.54379e-05, 0.481935
1683, 2.54379e-05, 0.477378
1684, 2.54379e-05, 0.476661
1685, 2.54379e-05, 0.501125
1686, 2.54379e-05, 0.481772
1687, 2.54379e-05, 0.481298
1688, 2.54379e-05, 0.477207
1689, 2.54379e-05, 0.474689
1690, 2.54379e-05, 0.460634
1691, 2.54379e-05, 0.452006
1692, 2.54379e-05, 0.449116
1693, 2.54379e-05, 0.459425
1694, 2.54379e-05, 0.464632
1695, 2.54379e-05, 0.466262
1696, 2.54379e-05, 0.465339
1697, 2.54379e-05, 0.481122
1698, 2.54379e-05, 0.477404
1699, 2.54379e-05, 0.477364
1700, 2.54379e-05, 0.478127
1701, 2.54379e-05, 0.482138
1702, 2.54379e-05, 0.479237
1703, 2.54379e-05, 0.468762
1704, 2.54379e-05, 0.478842
1705, 2.54379e-05, 0.481441
1706, 2.54379e-05, 0.475217
1707, 2.54379e-05, 0.482645
1708, 2.54379e-05, 0.483838
1709, 2.54379e-05, 0.482108
1710, 2.54379e-05, 0.491455
1711, 2.54379e-05, 0.495533
1712, 2.54379e-05, 0.485702
1713, 2.54379e-05, 0.484153
1714, 2.54379e-05, 0.492054
1715, 2.54379e-05, 0.497059
1716, 2.54379e-05, 0.501087
1717, 2.54379e-05, 0.494127
1718, 2.54379e-05, 0.481292
1719, 2.54379e-05, 0.471617
1720, 2.54379e-05, 0.488641
1721, 2.54379e-05, 0.492079
1722, 2.54379e-05, 0.48766
1723, 2.54379e-05, 0.470948
1724, 2.54379e-05, 0.452829
1725, 2.54379e-05, 0.44587
1726, 2.54379e-05, 0.464935
1727, 2.54379e-05, 0.466133
1728, 2.54379e-05, 0.448694
1729, 2.54379e-05, 0.46171
1730, 2.54379e-05, 0.466936
1731, 2.54379e-05, 0.469783
1732, 2.54379e-05, 0.460552
1733, 2.54379e-05, 0.452383
1734, 2.54379e-05, 0.473412
1735, 2.54379e-05, 0.478017
1736, 2.54379e-05, 0.484922
1737, 2.54379e-05, 0.471383
1738, 2.54379e-05, 0.480757
1739, 2.54379e-05, 0.47824
1740, 2.54379e-05, 0.48639
1741, 2.54379e-05, 0.487104
1742, 2.54379e-05, 0.482541
1743, 2.54379e-05, 0.480824
1744, 2.54379e-05, 0.485761
1745, 2.54379e-05, 0.498023
1746, 2.54379e-05, 0.49585
1747, 2.54379e-05, 0.490434
1748, 2.54379e-05, 0.489626
1749, 2.54379e-05, 0.480191
1750, 2.54379e-05, 0.488238
1751, 2.54379e-05, 0.482039
1752, 2.54379e-05, 0.476771
1753, 2.54379e-05, 0.489956
1754, 2.54379e-05, 0.478647
1755, 2.54379e-05, 0.480496
1756, 2.54379e-05, 0.482602
1757, 2.54379e-05, 0.479212
1758, 2.54379e-05, 0.478259
1759, 2.54379e-05, 0.467398
1760, 2.54379e-05, 0.461579
1761, 2.54379e-05, 0.467905
1762, 2.54379e-05, 0.465772
1763, 2.54379e-05, 0.478013
1764, 2.54379e-05, 0.476519
1765, 2.54379e-05, 0.475113
1766, 2.54379e-05, 0.478451
1767, 2.54379e-05, 0.480056
1768, 2.54379e-05, 0.477025
1769, 2.54379e-05, 0.48386
1770, 2.54379e-05, 0.48459
1771, 2.54379e-05, 0.493522
1772, 2.54379e-05, 0.503796
1773, 2.54379e-05, 0.505253
1774, 2.54379e-05, 0.509151
1775, 2.54379e-05, 0.505139
1776, 2.54379e-05, 0.501046
1777, 2.54379e-05, 0.504285
1778, 2.54379e-05, 0.477146
1779, 2.54379e-05, 0.485794
1780, 2.54379e-05, 0.493334
1781, 2.54379e-05, 0.482557
1782, 2.54379e-05, 0.485031
1783, 2.54379e-05, 0.476044
1784, 2.54379e-05, 0.482235
1785, 2.54379e-05, 0.483988
1786, 2.54379e-05, 0.474905
1787, 2.54379e-05, 0.468273
1788, 2.54379e-05, 0.471107
1789, 2.54379e-05, 0.468266
1790, 2.54379e-05, 0.470218
1791, 2.54379e-05, 0.469027
1792, 2.54379e-05, 0.482044
1793, 2.54379e-05, 0.481238
1794, 2.54379e-05, 0.483586
1795, 2.54379e-05, 0.49292
1796, 2.54379e-05, 0.491973
1797, 2.54379e-05, 0.503867
1798, 2.54379e-05, 0.502925
1799, 2.54379e-05, 0.502562
1800, 2.54379e-05, 0.516904
1801, 2.54379e-05, 0.515211
1802, 2.54379e-05, 0.518336
1803, 2.54379e-05, 0.51557
1804, 2.54379e-05, 0.507513
1805, 2.54379e-05, 0.498724
1806, 2.54379e-05, 0.513509
1807, 2.54379e-05, 0.509573
1808, 2.54379e-05, 0.513207
1809, 2.54379e-05, 0.514868
1810, 2.54379e-05, 0.508078
1811, 2.54379e-05, 0.514009
1812, 2.54379e-05, 0.493864
1813, 2.54379e-05, 0.497521
1814, 2.54379e-05, 0.499023
1815, 2.54379e-05, 0.488857
1816, 2.54379e-05, 0.491768
1817, 2.54379e-05, 0.492745
1818, 2.54379e-05, 0.503526
1819, 2.54379e-05, 0.498301
1820, 2.54379e-05, 0.498697
1821, 2.54379e-05, 0.50544
1822, 2.54379e-05, 0.494208
1823, 2.54379e-05, 0.503569
1824, 2.54379e-05, 0.49699
1825, 2.54379e-05, 0.489343
1826, 2.54379e-05, 0.482156
1827, 2.54379e-05, 0.484776
1828, 2.54379e-05, 0.491088
1829, 2.54379e-05, 0.495273
1830, 2.54379e-05, 0.475965
1831, 2.54379e-05, 0.468194
1832, 2.54379e-05, 0.474747
1833, 2.54379e-05, 0.483399
1834, 2.54379e-05, 0.474816
1835, 2.54379e-05, 0.469254
1836, 2.54379e-05, 0.475335
1837, 2.54379e-05, 0.478865
1838, 2.54379e-05, 0.480268
1839, 2.54379e-05, 0.479282
1840, 2.54379e-05, 0.489182
1841, 2.54379e-05, 0.468435
1842, 2.54379e-05, 0.491243
1843, 2.54379e-05, 0.487273
1844, 2.54379e-05, 0.482365
1845, 2.54379e-05, 0.483399
1846, 2.54379e-05, 0.480433
1847, 2.54379e-05, 0.486319
1848, 2.54379e-05, 0.482316
1849, 2.54379e-05, 0.497719
1850, 2.54379e-05, 0.508827
1851, 2.54379e-05, 0.498223
1852, 2.54379e-05, 0.492508
1853, 2.54379e-05, 0.497955
1854, 2.54379e-05, 0.490082
1855, 2.54379e-05, 0.47773
1856, 2.54379e-05, 0.472903
1857, 2.54379e-05, 0.476532
1858, 2.54379e-05, 0.495081
1859, 2.54379e-05, 0.492876
1860, 2.54379e-05, 0.48198
1861, 2.54379e-05, 0.487436
1862, 2.54379e-05, 0.47957
1863, 2.54379e-05, 0.477245
1864, 2.54379e-05, 0.493305
1865, 2.54379e-05, 0.46321
1866, 2.54379e-05, 0.467888
1867, 2.54379e-05, 0.467599
1868, 2.54379e-05, 0.479914
1869, 2.54379e-05, 0.476978
1870, 2.54379e-05, 0.470943
1871, 2.54379e-05, 0.49582
1872, 2.54379e-05, 0.4887
1873, 2.54379e-05, 0.47209
1874, 2.54379e-05, 0.493223
1875, 2.54379e-05, 0.49516
1876, 2.54379e-05, 0.481013
1877, 2.54379e-05, 0.485746
1878, 2.54379e-05, 0.494144
1879, 2.54379e-05, 0.489269
1880, 2.54379e-05, 0.474266
1881, 2.54379e-05, 0.469162
1882, 2.54379e-05, 0.476181
1883, 2.54379e-05, 0.470829
1884, 2.54379e-05, 0.484269
1885, 2.54379e-05, 0.491416
1886, 2.54379e-05, 0.484549
1887, 2.54379e-05, 0.467275
1888, 2.54379e-05, 0.47536
1889, 2.54379e-05, 0.480367
1890, 2.54379e-05, 0.487825
1891, 2.54379e-05, 0.471293
1892, 2.54379e-05, 0.462884
1893, 2.54379e-05, 0.459523
1894, 2.54379e-05, 0.469655
1895, 2.54379e-05, 0.458238
1896, 2.54379e-05, 0.4585
1897, 2.54379e-05, 0.479597
1898, 2.54379e-05, 0.480941
1899, 2.54379e-05, 0.477964
1900, 2.54379e-05, 0.482034
1901, 2.54379e-05, 0.484664
1902, 2.54379e-05, 0.489484
1903, 2.54379e-05, 0.505819
1904, 2.54379e-05, 0.517197
1905, 2.54379e-05, 0.50766
1906, 2.54379e-05, 0.503376
1907, 2.54379e-05, 0.50637
1908, 2.54379e-05, 0.490996
1909, 2.54379e-05, 0.499886
1910, 2.54379e-05, 0.494209
1911, 2.54379e-05, 0.493149
1912, 2.54379e-05, 0.494821
1913, 2.54379e-05, 0.513888
1914, 2.54379e-05, 0.509545
1915, 2.54379e-05, 0.504263
1916, 2.54379e-05, 0.500647
1917, 2.54379e-05, 0.490446
1918, 2.54379e-05, 0.485492
1919, 2.54379e-05, 0.485658
1920, 2.54379e-05, 0.481364
1921, 2.54379e-05, 0.4914
1922, 2.54379e-05, 0.498908
1923, 2.54379e-05, 0.50096
1924, 2.54379e-05, 0.49926
1925, 2.54379e-05, 0.503284
1926, 2.54379e-05, 0.501162
1927, 2.54379e-05, 0.499255
1928, 2.54379e-05, 0.494118
1929, 2.54379e-05, 0.488727
1930, 2.54379e-05, 0.493347
1931, 2.54379e-05, 0.503722
1932, 2.54379e-05, 0.489899
1933, 2.54379e-05, 0.481648
1934, 2.54379e-05, 0.498305
1935, 2.54379e-05, 0.49337
1936, 2.54379e-05, 0.499056
1937, 2.54379e-05, 0.497049
1938, 2.54379e-05, 0.482079
1939, 2.54379e-05, 0.507587
1940, 2.54379e-05, 0.50661
1941, 2.54379e-05, 0.500574
1942, 2.54379e-05, 0.50344
1943, 2.54379e-05, 0.507077
1944, 2.54379e-05, 0.502438
1945, 2.54379e-05, 0.506701
1946, 2.54379e-05, 0.494558
1947, 2.54379e-05, 0.48884
1948, 2.54379e-05, 0.48917
1949, 2.54379e-05, 0.487548
1950, 2.54379e-05, 0.487801
1951, 2.54379e-05, 0.484482
1952, 2.54379e-05, 0.492351
1953, 2.54379e-05, 0.496776
1954, 2.54379e-05, 0.501158
1955, 2.54379e-05, 0.488282
1956, 2.54379e-05, 0.47899
1957, 2.54379e-05, 0.48703
1958, 2.54379e-05, 0.484511
1959, 2.54379e-05, 0.484738
1960, 2.54379e-05, 0.48839
1961, 2.54379e-05, 0.48596
1962, 2.54379e-05, 0.480886
1963, 2.54379e-05, 0.488258
1964, 2.54379e-05, 0.485204
1965, 2.54379e-05, 0.489888
1966, 2.54379e-05, 0.499394
1967, 2.54379e-05, 0.506268
1968, 2.54379e-05, 0.504358
1969, 2.54379e-05, 0.516248
1970, 2.54379e-05, 0.504113
1971, 2.54379e-05, 0.495571
1972, 2.54379e-05, 0.502499
1973, 2.54379e-05, 0.487624
1974, 2.54379e-05, 0.47895
1975, 2.54379e-05, 0.482746
1976, 2.54379e-05, 0.471636
1977, 2.54379e-05, 0.472596
1978, 2.54379e-05, 0.461091
1979, 2.54379e-05, 0.462581
1980, 2.54379e-05, 0.470962
1981, 2.54379e-05, 0.471854
1982, 2.54379e-05, 0.480591
1983, 2.54379e-05, 0.478078
1984, 2.54379e-05, 0.472471
1985, 2.54379e-05, 0.482687
1986, 2.54379e-05, 0.482513
1987, 2.54379e-05, 0.489859
1988, 2.54379e-05, 0.482413
1989, 2.54379e-05, 0.479003
1990, 2.54379e-05, 0.493763
1991, 2.54379e-05, 0.483713
1992, 2.54379e-05, 0.465836
1993, 2.54379e-05, 0.480724
1994, 2.54379e-05, 0.478345
1995, 2.54379e-05, 0.486895
1996, 2.54379e-05, 0.486354
1997, 2.54379e-05, 0.491404
1998, 2.54379e-05, 0.476358
1999, 2.54379e-05, 0.484292
2000, 2.54379e-05, 0.497717
