(((0.279415*sin(x))/x)/0.960170), 0.205888
sin((sin(cos(x))/x)), 0.198441
sin((sin(sin(x))*(sin(x)/x))), 0.177285
sin((sin(sin(x))*(sin(x)/x))), 0.177285
sin((sin(sin(x))*(sin(x)/x))), 0.177285
sin((sin(sin(x))*(sin(x)/x))), 0.177285
sin((sin(sin(x))*(sin(x)/x))), 0.177285
sin((sin(x)/(cos(x)+(x*x)))), 0.175219
sin((sin(x)/(cos(x)+(x*x)))), 0.175219
((sin(x)*sin((0.382640/x)))*((-3.000000/(x+7.000000))*(-5.681748+x))), 0.166973
((sin(x)*sin((0.382640/x)))*((-3.000000/(x+7.000000))*(-5.681748+x))), 0.166973
((sin(x)*sin((0.382640/x)))*(-0.399530*(-5.681748+x))), 0.166354
((sin(x)*sin((0.382640/x)))*(-0.399530*(-5.681748+x))), 0.166354
(sin(x)/(cos((x+0.279483))+(x*x))), 0.165556
(sin(x)/(cos((x+0.279483))+(x*x))), 0.165556
(sin(x)/(cos((x+0.279483))+(x*x))), 0.165556
(sin(x)/(cos((x+0.279483))+(x*x))), 0.165556
(sin(x)/(cos((x+0.279483))+((x*x)*x))), 0.155505
(sin(x)/(cos((x+0.279483))+((x*x)*x))), 0.155505
(sin(x)/(cos((x+0.279483))+((x*x)*x))), 0.155505
(sin((x+0.279483))/((cos(x)/(0.279483+x))+(x*x))), 0.154926
(sin((x+0.279483))/((cos(x)/(0.279483+x))+(x*x))), 0.154926
(sin((x+0.279483))/((cos(x)/(0.279483+x))+(x*x))), 0.154926
(sin((x+0.279483))/((cos(x)/(0.279483+x))+(x*x))), 0.154926
(sin((x+0.279483))/((cos(x)/(0.279483+x))+(x*x))), 0.154926
(sin((x+0.279483))/((cos(x)/(0.279483+x))+(x*x))), 0.154926
(sin(((x+0.279483)+0.279483))/((cos(x)/(0.279483+x))+(x*x))), 0.154061
(sin((0.721923+cos(x)))/((cos(x)/x)+(x*x))), 0.147299
(sin((x+(x*0.275859)))/((cos(x)/(0.279483+x))+(x*x))), 0.141778
(sin((x+(x*0.275859)))/((cos(x)/(0.279483+x))+(x*x))), 0.141778
(sin((x+(x*0.275859)))/(cos((x+0.186013))+((x*0.982749)*x))), 0.137113
(sin((x+(x*0.275859)))/(cos((x+0.186013))+((x*0.982749)*x))), 0.137113
(sin((x+(x*0.275859)))/(cos((x+0.186013))+((x*0.982749)*x))), 0.137113
(sin((x+(x*0.275859)))/(cos((x+0.186013))+(x*x))), 0.136369
(sin((x+(x*0.275859)))/(cos((x+0.186013))+(x*x))), 0.136369
(sin((x+(x*0.275859)))/(cos((x+0.186013))+(x*x))), 0.136369
(sin((x+(x*0.505816)))/(x+(x*0.275859))), 0.125638
(sin((x+(x*0.505816)))/(x+(x*0.275859))), 0.125638
(sin((x+(x*0.505816)))/(x+(x*0.275859))), 0.125638
(sin((x+(x*0.420162)))/(cos(x)+(x*x))), 0.124432
(sin((x+(x*0.505816)))/(x+(cos(x)/(x+0.008878)))), 0.0550214
(sin((x+(x*0.505816)))/(x+(cos(x)/(x+0.726405)))), 0.0455796
(sin((x+(x*0.505816)))/(x+(cos(x)/(x+0.726405)))), 0.0455796
(sin((x+(x*0.505816)))/(x+(cos(x)/(x+0.726405)))), 0.0455796
(sin((x+(x*0.505816)))/((x*0.505816)+1.000000)), 0.00480941
(sin((x+(x*0.505816)))/((x*0.505816)+1.000000)), 0.00480941
(sin((x+(x*0.505816)))/((x*0.505816)+1.000000)), 0.00480941
(sin((x+(x*0.505816)))/((x*0.505816)+1.000000)), 0.00480941
(sin((x+(x*0.505816)))/((x*0.505816)+1.000000)), 0.00480941
(sin((x+(x*0.505816)))/((x*0.505816)+1.000000)), 0.00480941
(sin((x+(x*0.505816)))/((x*0.505816)+1.000000)), 0.00480941
(sin((x+(x*0.505816)))/((x*0.505816)+1.000000)), 0.00480941
(sin((x+(x*0.505816)))/((x*0.505816)+1.000000)), 0.00480941
(sin((x+(x*0.505816)))/((x*0.505816)+1.000000)), 0.00480941
(sin((x+(x*0.505816)))/((x*0.505816)+1.000000)), 0.00480941
(sin((x+(x*0.505816)))/((x*0.505816)+1.000000)), 0.00480941
(sin(((x+6.257607)+(x*0.505816)))/((x*0.505816)+1.000000)), 0.0040199
(sin(((x+6.257607)+(x*0.505816)))/((x*0.505816)+1.000000)), 0.0040199
(sin(((x+6.257607)+(x*0.505816)))/((x*0.505816)+1.000000)), 0.0040199
(sin(((x+6.257607)+(x*0.505816)))/((x*0.505816)+1.000000)), 0.0040199
(sin(((x+6.257607)+(x*0.505816)))/((x*0.505816)+1.000000)), 0.0040199
(sin(((x+6.257607)+(x*0.505816)))/((x*0.505816)+1.000000)), 0.0040199
(sin(((x+6.257607)+(x*0.505816)))/((x*0.505816)+1.000000)), 0.0040199
(sin(((x+6.257607)+(x*0.505816)))/((x*0.505816)+1.000000)), 0.0040199
(sin(((x+6.257607)+(x*0.505816)))/((x*0.505816)+1.000000)), 0.0040199
(sin(((x+6.257607)+(x*0.505816)))/((x*0.505816)+1.000000)), 0.0040199
(sin(((x+6.257607)+(x*0.505816)))/((x*0.505816)+1.000000)), 0.0040199
(sin((x+(x*0.497626)))/((x*0.497626)+1.000000)), 0.00197185
(sin((x+(x*0.497626)))/((x*0.497626)+1.000000)), 0.00197185
(sin((x+(x*0.497626)))/((x*0.497626)+1.000000)), 0.00197185
(sin((x+(x*0.497626)))/((x*0.497626)+1.000000)), 0.00197185
(sin((x+(x*0.497626)))/((x*0.497626)+1.000000)), 0.00197185
(sin((x+(x*0.497626)))/((x*0.497626)+1.000000)), 0.00197185
(sin((x+(x*0.497626)))/((x*0.497626)+1.000000)), 0.00197185
(sin((x+(x*0.497626)))/((x*0.497626)+1.000000)), 0.00197185
(sin((x+(x*0.497626)))/((x*0.497626)+1.000000)), 0.00197185
(sin((x+(x*0.497626)))/((x*0.497626)+1.000000)), 0.00197185
(sin((x+(x*0.497626)))/((x*0.497626)+1.000000)), 0.00197185
(sin((x+(x*0.497626)))/((x*0.497626)+1.000000)), 0.00197185
(sin((x+(x*0.497626)))/((x*0.497626)+1.000000)), 0.00197185
(sin((x+(x*0.497626)))/((x*0.497626)+1.000000)), 0.00197185
(sin((x+(x*0.497626)))/((x*0.497626)+1.000000)), 0.00197185
(sin((x+(x*0.497626)))/((x*0.497626)+1.000000)), 0.00197185
(sin((x+(x*0.497626)))/((x*0.497626)+1.000000)), 0.00197185
(sin((x+(x*0.497626)))/((x*0.497626)+1.000000)), 0.00197185
(sin((x+(x*0.497626)))/((x*0.497626)+1.000000)), 0.00197185
(sin((x+(x*0.497626)))/((x*0.497626)+1.000000)), 0.00197185
(sin((x+(x*0.497626)))/((x*0.497626)+1.000000)), 0.00197185
(sin((x+(x*0.497626)))/((x*0.497626)+1.000000)), 0.00197185
(sin((x+(x*0.497626)))/((x*0.497626)+1.000000)), 0.00197185
(sin((x+(x*0.497626)))/((x*0.497626)+1.000000)), 0.00197185
(sin((x+(x*0.497626)))/((x*0.497626)+1.000000)), 0.00197185
(sin((x+(x*0.497626)))/((x*0.497626)+1.000000)), 0.00197185
(sin((x+(x*0.497626)))/((x*0.497626)+1.000000)), 0.00197185
(sin((x+(x*0.497626)))/((x*0.497626)+1.000000)), 0.00197185
(sin((x+(x*0.497626)))/(1.000000+(x*0.497626))), 0.00197185
(sin((x+(x*0.497626)))/((x*0.497626)+1.000000)), 0.00197185
(sin((x+(x*0.497626)))/(1.000000+(x*0.497626))), 0.00197185
(sin((x+(x*0.497626)))/((x*0.497626)+1.000000)), 0.00197185
(sin((x+(x*0.497626)))/(1.000000+(x*0.497626))), 0.00197185
(sin((x+(x*0.497626)))/((x*0.497626)+1.000000)), 0.00197185
(sin((x+(x*0.497626)))/(1.000000+(x*0.497626))), 0.00197185
(sin((x+(x*0.497626)))/((x*0.497626)+1.000000)), 0.00197185
(sin((x+(x*0.497626)))/(1.000000+(x*0.497626))), 0.00197185
(sin((x+(x*0.497626)))/(1.000000+(x*0.497626))), 0.00197185
(sin((x+(x*0.497626)))/(1.000000+(x*0.497626))), 0.00197185
(sin((x+(x*0.497626)))/((x*0.497626)+1.000000)), 0.00197185
(sin((x+(x*0.497626)))/((x*0.497626)+1.000000)), 0.00197185
(sin((x+(x*0.497626)))/((x*0.497626)+1.000000)), 0.00197185
(sin((x+(x*0.497626)))/((x*0.497626)+1.000000)), 0.00197185
(sin((x+(x*0.497626)))/((x*0.497626)+1.000000)), 0.00197185
(sin((x+(x*0.497626)))/((x*0.497626)+1.000000)), 0.00197185
(sin((x+(x*0.497626)))/((x*0.497626)+1.000000)), 0.00197185
(sin((x+(x*0.497626)))/((x*0.497626)+1.000000)), 0.00197185
(sin((x+(x*0.497626)))/((x*0.497626)+1.000000)), 0.00197185
(sin((x+(x*0.497626)))/((x*0.497626)+1.000000)), 0.00197185
(sin((x+(x*0.497626)))/((x*0.497626)+1.000000)), 0.00197185
(sin((x+(x*0.497626)))/((x-(x*0.497626))+1.000000)), 0.00197169
(sin((x+(x*0.497626)))/((x-(x*0.497626))+1.000000)), 0.00197169
(sin((x+(x*0.497626)))/((x-(x*0.497626))+1.000000)), 0.00197169
(sin((x+(x*0.497626)))/((x-(x*0.497626))+1.000000)), 0.00197169
(sin((x+(x*0.500000)))/((x*0.497626)+1.000000)), 0.000597394
(sin((x+(x*0.500000)))/((x*0.497626)+1.000000)), 0.000597394
(sin((x+(x*0.500000)))/((x*0.497626)+1.000000)), 0.000597394
(sin((x+(x*0.500000)))/((x*0.497626)+1.000000)), 0.000597394
(sin((x+(x*0.500000)))/((x*0.497626)+1.000000)), 0.000597394
(sin((x+(x*0.500000)))/((x*0.497626)+1.000000)), 0.000597394
(sin((x+(x*0.500000)))/((x*0.497626)+1.000000)), 0.000597394
(sin((x+(x*0.500000)))/((x*0.497626)+1.000000)), 0.000597394
(sin((x+(x*0.500000)))/((x*0.497626)+1.000000)), 0.000597394
(sin((x+(x*0.500000)))/((x*0.497626)+1.000000)), 0.000597394
(sin((x+(x*0.500000)))/((x*0.497626)+1.000000)), 0.000597394
(sin((x+(x*0.500000)))/((x*0.497626)+1.000000)), 0.000597394
(sin((x+(x*0.500000)))/(((x+2.480000)/(x+2.468225))+(x*0.500000))), 0.000292751
(sin((x+(x*0.500000)))/(1.000000+(x*0.500000))), 2.54379e-05
(sin((x+(x*0.500000)))/(1.000000+(x*0.500000))), 2.54379e-05
(sin((x+(x*0.500000)))/(1.000000+(x*0.500000))), 2.54379e-05
(sin((x+(x*0.500000)))/(1.000000+(x*0.500000))), 2.54379e-05
(sin((x+(x*0.500000)))/((0.500000*x)+1.000000)), 2.54379e-05
(sin((x+(x*0.500000)))/(1.000000+(x*0.500000))), 2.54379e-05
(sin((x+(x*0.500000)))/((0.500000*x)+1.000000)), 2.54379e-05
(sin((x+(x*0.500000)))/(1.000000+(x*0.500000))), 2.54379e-05
(sin((x+(x*0.500000)))/(1.000000+(x*0.500000))), 2.54379e-05
(sin((x+(x*0.500000)))/((0.500000*x)+1.000000)), 2.54379e-05
(sin((x+(x*0.500000)))/(1.000000+(x*0.500000))), 2.54379e-05
(sin((x+(x*0.500000)))/((0.500000*x)+1.000000)), 2.54379e-05
(sin((x+(x*0.500000)))/(1.000000+(x*0.500000))), 2.54379e-05
(sin((x+(x*0.500000)))/((0.500000*x)+1.000000)), 2.54379e-05
(sin((x+(x*0.500000)))/(1.000000+(x*0.500000))), 2.54379e-05
(sin((x+(x*0.500000)))/(1.000000+(x*0.500000))), 2.54379e-05
(sin((x+(x*0.500000)))/((0.500000*x)+1.000000)), 2.54379e-05
(sin((x+(x*0.500000)))/(1.000000+(x*0.500000))), 2.54379e-05
(sin((x+(x*0.500000)))/(1.000000+(x*0.500000))), 2.54379e-05
(sin((x+(x*0.500000)))/((x*0.500000)+1.000000)), 2.54379e-05
(sin((x+(x*0.500000)))/((x*0.500000)+1.000000)), 2.54379e-05
(sin((x+(x*0.500000)))/(1.000000+(x*0.500000))), 2.54379e-05
(sin((x+(x*0.500000)))/(1.000000+(x*0.500000))), 2.54379e-05
(sin((x+(x*0.500000)))/(1.000000+(x*0.500000))), 2.54379e-05
(sin((x+(x*0.500000)))/(1.000000+(x*0.500000))), 2.54379e-05
(sin((x+(x*0.500000)))/((x*0.500000)+1.000000)), 2.54379e-05
(sin((x+(x*0.500000)))/(1.000000+(x*0.500000))), 2.54379e-05
(sin((x+(x*0.500000)))/((x*0.500000)+1.000000)), 2.54379e-05
(sin((x+(x*0.500000)))/(1.000000+(x*0.500000))), 2.54379e-05
(sin(((x*0.500000)+x))/((x*0.500000)+1.000000)), 2.54379e-05
(sin((x+(x*0.500000)))/((0.500000*x)+1.000000)), 2.54379e-05
(sin((x+(x*0.500000)))/((x*0.500000)+1.000000)), 2.54379e-05
(sin((x+(x*0.500000)))/((0.500000*x)+1.000000)), 2.54379e-05
(sin((x+(x*0.500000)))/((x*0.500000)+1.000000)), 2.54379e-05
(sin((x+(x*0.500000)))/((0.500000*x)+1.000000)), 2.54379e-05
(sin((x+(x*0.500000)))/(1.000000+(x*0.500000))), 2.54379e-05
(sin((x+(x*0.500000)))/(1.000000+(x*0.500000))), 2.54379e-05
(sin((x+(x*0.500000)))/(1.000000+(x*0.500000))), 2.54379e-05
(sin(((x*0.500000)+x))/((x-(x*0.500000))+1.000000)), 2.54379e-05
(sin((x+(x*0.500000)))/(1.000000+(x*0.500000))), 2.54379e-05
(sin((x+(x*0.500000)))/((0.500000*x)+1.000000)), 2.54379e-05
(sin(((x*0.500000)+x))/((x-(x*0.500000))+1.000000)), 2.54379e-05
(sin(((x*0.500000)+x))/((x-(x*0.500000))+1.000000)), 2.54379e-05
(sin(((x*0.500000)+x))/((x-(x*0.500000))+1.000000)), 2.54379e-05
(sin((x+(x*0.500000)))/((0.000000+(x*0.500000))+1.000000)), 2.54379e-05
(sin((x+(x*0.500000)))/((0.000000+(x*0.500000))+1.000000)), 2.54379e-05
(sin((x+(x*0.500000)))/((x-(x*0.500000))+1.000000)), 2.54379e-05
(sin((x+(x*0.500000)))/((0.000000+(x*0.500000))+1.000000)), 2.54379e-05
(sin((x+(x*0.500000)))/((x*0.500000)+1.000000)), 2.54379e-05
(sin((x+(x*0.500000)))/((0.000000+(x*0.500000))+1.000000)), 2.54379e-05
(sin((x+(x*0.500000)))/((x-(x*0.500000))+1.000000)), 2.54379e-05
(sin((x+(x*0.500000)))/((0.000000+(x*0.500000))+1.000000)), 2.54379e-05
(sin(((x*0.500000)+x))/((0.000000+(x*0.500000))+1.000000)), 2.54379e-05
(sin((x+(x*0.500000)))/((0.000000+(x*0.500000))+1.000000)), 2.54379e-05
(sin((x+(x*0.500000)))/((x-(x*0.500000))+1.000000)), 2.54379e-05
(sin((x+(x*0.500000)))/((x-(x*0.500000))+1.000000)), 2.54379e-05
(sin(((x*0.500000)+x))/((0.000000+(x*0.500000))+1.000000)), 2.54379e-05
(sin((x+(x*0.500000)))/((x-(x*0.500000))+1.000000)), 2.54379e-05
(sin((x+(x*0.500000)))/((x-(x*0.500000))+1.000000)), 2.54379e-05
(sin(((x*0.500000)+x))/((x*0.500000)+1.000000)), 2.54379e-05
(sin(((x*0.500000)+x))/((0.000000+(x*0.500000))+1.000000)), 2.54379e-05
(sin((x+(x*0.500000)))/((x-(x*0.500000))+1.000000)), 2.54379e-05
(sin((x+(x*0.500000)))/((x-(x*0.500000))+1.000000)), 2.54379e-05
(sin(((x*0.500000)+x))/((x-(x*0.500000))+1.000000)), 2.54379e-05
(sin((x+(x*0.500000)))/((x-(x*0.500000))+1.000000)), 2.54379e-05
(sin((x+(x*0.500000)))/((x-(x*0.500000))+1.000000)), 2.54379e-05
(sin((x+(x*0.500000)))/((x-(x*0.500000))+1.000000)), 2.54379e-05
(sin((x+(x*0.500000)))/((x-(x*0.500000))+1.000000)), 2.54379e-05
(sin((x+(x*0.500000)))/((x-(x*0.500000))+1.000000)), 2.54379e-05
(sin((x+(x*0.500000)))/((x-(x*0.500000))+1.000000)), 2.54379e-05
(sin(((x*0.500000)+x))/((x*0.500000)+1.000000)), 2.54379e-05
(sin((x+(x*0.500000)))/((x-(x*0.500000))+1.000000)), 2.54379e-05
(sin((x+(x*0.500000)))/(1.000000+(x-(x*0.500000)))), 2.54379e-05
(sin((x+(x*0.500000)))/((x-(x*0.500000))+1.000000)), 2.54379e-05
(sin((x+(x*0.500000)))/((x-(x*0.500000))+1.000000)), 2.54379e-05
(sin((x+(x*0.500000)))/((x*0.500000)+1.000000)), 2.54379e-05
(sin((x+(x*0.500000)))/((x*0.500000)+1.000000)), 2.54379e-05
(sin(((x*0.500000)+x))/((x-(x*0.500000))+1.000000)), 2.54379e-05
(sin((x+(x*0.500000)))/((x*0.500000)+1.000000)), 2.54379e-05
(sin((x+(x*0.500000)))/((x*0.500000)+1.000000)), 2.54379e-05
(sin(((x*0.500000)+x))/((x-(x*0.500000))+1.000000)), 2.54379e-05
(sin(((x*0.500000)+x))/((x*0.500000)+1.000000)), 2.54379e-05
(sin(((x*0.500000)+x))/((x*0.500000)+1.000000)), 2.54379e-05
(sin(((x*0.500000)+x))/((x*0.500000)+1.000000)), 2.54379e-05
(sin(((x*0.500000)+x))/((x-(x*0.500000))+1.000000)), 2.54379e-05
(sin((x+(x*0.500000)))/((x*0.500000)+1.000000)), 2.54379e-05
(sin(((x*0.500000)+x))/((x*0.500000)+1.000000)), 2.54379e-05
(sin((x+(x*0.500000)))/((x*0.500000)+1.000000)), 2.54379e-05
(sin((x+(x*0.500000)))/((x*0.500000)+1.000000)), 2.54379e-05
(sin(((x*0.500000)+x))/((x*0.500000)+1.000000)), 2.54379e-05
(sin((x+(x*0.500000)))/((x*0.500000)+1.000000)), 2.54379e-05
(sin((x+(x*0.500000)))/((x*0.500000)+1.000000)), 2.54379e-05
(sin((x+(x*0.500000)))/((x*0.500000)+1.000000)), 2.54379e-05
(sin((x+(x*0.500000)))/((x*0.500000)+1.000000)), 2.54379e-05
(sin((x+(x*0.500000)))/(((x*0.500000)*1.000000)+1.000000)), 2.54379e-05
(sin((x+(x*0.500000)))/((x*0.500000)+1.000000)), 2.54379e-05
(sin(((x*0.500000)+x))/((x*0.500000)+1.000000)), 2.54379e-05
(sin((x+(x*0.500000)))/((x*0.500000)+1.000000)), 2.54379e-05
(sin(((x*0.500000)+x))/((x*0.500000)+1.000000)), 2.54379e-05
(sin((x+(x*0.500000)))/((x*0.500000)+1.000000)), 2.54379e-05
(sin((x+(x*0.500000)))/((x*0.500000)+1.000000)), 2.54379e-05
(sin((x+(x*0.500000)))/((x*0.500000)+1.000000)), 2.54379e-05
(sin((x+(x*0.500000)))/((x*0.500000)+1.000000)), 2.54379e-05
(sin((x+(x*0.500000)))/((x*0.500000)+1.000000)), 2.54379e-05
(sin((x+(x*0.500000)))/((x*0.500000)+1.000000)), 2.54379e-05
(sin((x+(x*0.500000)))/((x*0.500000)+1.000000)), 2.54379e-05
(sin((x+(x*0.500000)))/((x*0.500000)+1.000000)), 2.54379e-05
(sin((x+(x*0.500000)))/((x*0.500000)+1.000000)), 2.54379e-05
(sin(((x*0.500000)+x))/((x*0.500000)+1.000000)), 2.54379e-05
(sin((x+(x*0.500000)))/((x*0.500000)+1.000000)), 2.54379e-05
(sin(((x*0.500000)+x))/((x*0.500000)+1.000000)), 2.54379e-05
(sin(((x*0.500000)+x))/((x*0.500000)+1.000000)), 2.54379e-05
(sin((x+(x*0.500000)))/((x*0.500000)+1.000000)), 2.54379e-05
(sin((x+(x*0.500000)))/((x*0.500000)+1.000000)), 2.54379e-05
(sin((x+(x*0.500000)))/((x*0.500000)+1.000000)), 2.54379e-05
(sin((x+(x*0.500000)))/((x*0.500000)+1.000000)), 2.54379e-05
(sin((x+(x*0.500000)))/((0.500000*x)+1.000000)), 2.54379e-05
(sin(((x*0.500000)+x))/((x*0.500000)+1.000000)), 2.54379e-05
(sin((x+(x*0.500000)))/((x*0.500000)+1.000000)), 2.54379e-05
(sin(((x*0.500000)+x))/((x*0.500000)+1.000000)), 2.54379e-05
(sin((x+(x*0.500000)))/((x*0.500000)+1.000000)), 2.54379e-05
(sin((x+(x*0.500000)))/((x*0.500000)+1.000000)), 2.54379e-05
(sin((x+(x*0.500000)))/((0.500000*x)+1.000000)), 2.54379e-05
(sin((x+(x*0.500000)))/((0.500000*x)+1.000000)), 2.54379e-05
(sin((x+(x*0.500000)))/((x*0.500000)+1.000000)), 2.54379e-05
(sin((x+(x*0.500000)))/((x*0.500000)+1.000000)), 2.54379e-05
(sin((x+(x*0.500000)))/((0.500000*x)+1.000000)), 2.54379e-05
(sin((x+(x*0.500000)))/((0.500000*x)+1.000000)), 2.54379e-05
(sin((x+(x*0.500000)))/((x*0.500000)+1.000000)), 2.54379e-05
(sin((x+(x*0.500000)))/((x*0.500000)+1.000000)), 2.54379e-05
(sin((x+(x*0.500000)))/((0.500000*x)+1.000000)), 2.54379e-05
(sin((x+(x*0.500000)))/((x*0.500000)+1.000000)), 2.54379e-05
(sin((x+(x*0.500000)))/((0.500000*x)+1.000000)), 2.54379e-05
(sin((x+(x*0.500000)))/((x*0.500000)+1.000000)), 2.54379e-05
(sin((x+(x*0.500000)))/((x*0.500000)+1.000000)), 2.54379e-05
(sin((x+(x*0.500000)))/((x*0.500000)+1.000000)), 2.54379e-05
(sin((x+(x*0.500000)))/((x*0.500000)+1.000000)), 2.54379e-05
(sin((x+(x*0.500000)))/((x*0.500000)+1.000000)), 2.54379e-05
(sin((x+(0.500000*x)))/((0.500000*x)+1.000000)), 2.54379e-05
(sin((x+(x*0.500000)))/((x*0.500000)+1.000000)), 2.54379e-05
(sin((x+(0.500000*x)))/((0.500000*x)+1.000000)), 2.54379e-05
(sin((x+(0.500000*x)))/((0.500000*x)+1.000000)), 2.54379e-05
(sin((x+(0.500000*x)))/((0.500000*x)+1.000000)), 2.54379e-05
(sin((x+(x*0.500000)))/((0.500000*x)+1.000000)), 2.54379e-05
(sin((x+(x*0.500000)))/((x*0.500000)+1.000000)), 2.54379e-05
(sin((x+(x*0.500000)))/((x*0.500000)+1.000000)), 2.54379e-05
(sin((x+(x*0.500000)))/((x*0.500000)+1.000000)), 2.54379e-05
(sin((x+(x*0.500000)))/((x*0.500000)+1.000000)), 2.54379e-05
(sin((x+(x*0.500000)))/((x*0.500000)+1.000000)), 2.54379e-05
(sin((x+(x*0.500000)))/((x*0.500000)+1.000000)), 2.54379e-05
(sin((x+(0.500000*x)))/((x*0.500000)+1.000000)), 2.54379e-05
(sin((x+(x*0.500000)))/((x*0.500000)+1.000000)), 2.54379e-05
(sin((x+(x*0.500000)))/((x*0.500000)+1.000000)), 2.54379e-05
(sin((x+(x*0.500000)))/((x*0.500000)+1.000000)), 2.54379e-05
(sin((x+(x*0.500000)))/((x*0.500000)+1.000000)), 2.54379e-05
(sin((x+(x*0.500000)))/((x*0.500000)+1.000000)), 2.54379e-05
(sin((x+(x*0.500000)))/((x*0.500000)+1.000000)), 2.54379e-05
(sin((x+(x*0.500000)))/((x*0.500000)+1.000000)), 2.54379e-05
(sin((x+(x*0.500000)))/((x*0.500000)+1.000000)), 2.54379e-05
(sin((x+(x*0.500000)))/((x*0.500000)+1.000000)), 2.54379e-05
(sin((x+(x*0.500000)))/((x*0.500000)+1.000000)), 2.54379e-05
(sin((x+(x*0.500000)))/((x*0.500000)+1.000000)), 2.54379e-05
(sin((x+(x*0.500000)))/((x*0.500000)+1.000000)), 2.54379e-05
(sin((x+(x*0.500000)))/((x*0.500000)+1.000000)), 2.54379e-05
(sin((x+(x*0.500000)))/((x*0.500000)+1.000000)), 2.54379e-05
(sin((x+(x*0.500000)))/((x*0.500000)+1.000000)), 2.54379e-05
(sin((x+(x*0.500000)))/((x*0.500000)+1.000000)), 2.54379e-05
(sin((x+(x*0.500000)))/((x*0.500000)+1.000000)), 2.54379e-05
(sin((x+(x*0.500000)))/((x*0.500000)+1.000000)), 2.54379e-05
(sin((x+(x*0.500000)))/((x*0.500000)+1.000000)), 2.54379e-05
(sin((x+(x*0.500000)))/((x*0.500000)+1.000000)), 2.54379e-05
(sin((x+(x*0.500000)))/((x*0.500000)+1.000000)), 2.54379e-05
(sin((x+(x*0.500000)))/(1.000000+(x*0.500000))), 2.54379e-05
(sin((x+(x*0.500000)))/((x*0.500000)+1.000000)), 2.54379e-05
(sin((x+(x*0.500000)))/(1.000000+(x*0.500000))), 2.54379e-05
(sin((x+(x*0.500000)))/(1.000000+(x*0.500000))), 2.54379e-05
(sin((x+(0.500000*x)))/((x*0.500000)+1.000000)), 2.54379e-05
(sin((x+(x*0.500000)))/(1.000000+(x*0.500000))), 2.54379e-05
(sin((x+(0.500000*x)))/((x*0.500000)+1.000000)), 2.54379e-05
(sin((x+(x*0.500000)))/(1.000000+(x*0.500000))), 2.54379e-05
(sin((x+(0.500000*x)))/((x*0.500000)+1.000000)), 2.54379e-05
(sin((x+(x*0.500000)))/((x*0.500000)+1.000000)), 2.54379e-05
(sin((x+(x*0.500000)))/(1.000000+(x*0.500000))), 2.54379e-05
(sin((x+(x*0.500000)))/((x*0.500000)+1.000000)), 2.54379e-05
(sin((x+(x*0.500000)))/((x*0.500000)+1.000000)), 2.54379e-05
(sin((x+(0.500000*x)))/((x*0.500000)+1.000000)), 2.54379e-05
(sin((x+(x*0.500000)))/((x*0.500000)+1.000000)), 2.54379e-05
(sin((x+(0.500000*x)))/((x*0.500000)+1.000000)), 2.54379e-05
(sin((x+(x*0.500000)))/((x*0.500000)+1.000000)), 2.54379e-05
(sin((x+(x*0.500000)))/(1.000000+(x*0.500000))), 2.54379e-05
(sin((x+(x*0.500000)))/(1.000000+(x*0.500000))), 2.54379e-05
(sin((x+(0.500000*x)))/((x*0.500000)+1.000000)), 2.54379e-05
(sin((x+(x*0.500000)))/(1.000000+(x*0.500000))), 2.54379e-05
(sin((x+(0.500000*x)))/((x*0.500000)+1.000000)), 2.54379e-05
(sin((x+(x*0.500000)))/(1.000000+(x*0.500000))), 2.54379e-05
(sin((x+(x*0.500000)))/(1.000000+(x*0.500000))), 2.54379e-05
(sin((x+(x*0.500000)))/(1.000000+(x*0.500000))), 2.54379e-05
(sin((x+(x*0.500000)))/(1.000000+(x*0.500000))), 2.54379e-05
(sin((x+(x*0.500000)))/(1.000000+(x*0.500000))), 2.54379e-05
(sin((x+(x*0.500000)))/((x*0.500000)+1.000000)), 2.54379e-05
(sin((x+(x*0.500000)))/(1.000000+(x*0.500000))), 2.54379e-05
(sin((x+(x*0.500000)))/((x*0.500000)+1.000000)), 2.54379e-05
(sin((x+(x*0.500000)))/((x*0.500000)+1.000000)), 2.54379e-05
(sin((x+(x*0.500000)))/(1.000000+(0.500000*x))), 2.54379e-05
(sin((x+(x*0.500000)))/((x*0.500000)+1.000000)), 2.54379e-05
(sin((x+(x*0.500000)))/(1.000000+(0.500000*x))), 2.54379e-05
(sin((x+(x*0.500000)))/(1.000000+(0.500000*x))), 2.54379e-05
(sin((x+(x*0.500000)))/((x*0.500000)+1.000000)), 2.54379e-05
(sin((x+(x*0.500000)))/(1.000000+(0.500000*x))), 2.54379e-05
(sin((x+(x*0.500000)))/((x*0.500000)+1.000000)), 2.54379e-05
(sin((x+(x*0.500000)))/(1.000000+(0.500000*x))), 2.54379e-05
(sin((x+(x*0.500000)))/((x*0.500000)+1.000000)), 2.54379e-05
(sin((x+(x*0.500000)))/((x*0.500000)+1.000000)), 2.54379e-05
(sin((x+(x*0.500000)))/((x*0.500000)+1.000000)), 2.54379e-05
(sin((x+(x*0.500000)))/((x*0.500000)+1.000000)), 2.54379e-05
(sin((x+(x*0.500000)))/((x*0.500000)+1.000000)), 2.54379e-05
(sin((x+(x*0.500000)))/((x*0.500000)+1.000000)), 2.54379e-05
(sin((x+(x*0.500000)))/((x*0.500000)+1.000000)), 2.54379e-05
(sin((x+(x*0.500000)))/((x*0.500000)+1.000000)), 2.54379e-05
(sin((x+(x*0.500000)))/((x*0.500000)+1.000000)), 2.54379e-05
(sin((x+(x*0.500000)))/((x*0.500000)+1.000000)), 2.54379e-05
(sin((x+(x*0.500000)))/((x*0.500000)+1.000000)), 2.54379e-05
(sin((x+(x*0.500000)))/((x*0.500000)+1.000000)), 2.54379e-05
(sin((x+(x*0.500000)))/((x*0.500000)+1.000000)), 2.54379e-05
(sin((x+(x*0.500000)))/((x*0.500000)+1.000000)), 2.54379e-05
(sin((x+(x*0.500000)))/((x*0.500000)+1.000000)), 2.54379e-05
(sin((x+(x*0.500000)))/((x*0.500000)+1.000000)), 2.54379e-05
(sin((x+(0.500000*x)))/((x*0.500000)+1.000000)), 2.54379e-05
(sin((x+(x*0.500000)))/((x*0.500000)+1.000000)), 2.54379e-05
(sin((x+(x*0.500000)))/((x*0.500000)+1.000000)), 2.54379e-05
(sin((x+(x*0.500000)))/((x*0.500000)+1.000000)), 2.54379e-05
(sin((x+(x*0.500000)))/((x*0.500000)+1.000000)), 2.54379e-05
(sin((x+(x*0.500000)))/(((x*0.500000)*1.000000)+1.000000)), 2.54379e-05
(sin((x+(x*0.500000)))/((x*0.500000)+1.000000)), 2.54379e-05
(sin((x+(x*0.500000)))/((0.500000*x)+1.000000)), 2.54379e-05
(sin((x+(x*0.500000)))/((x*0.500000)+1.000000)), 2.54379e-05
(sin((x+(x*0.500000)))/((x*0.500000)+1.000000)), 2.54379e-05
(sin((x+(x*0.500000)))/((x*0.500000)+1.000000)), 2.54379e-05
(sin((x+(x*0.500000)))/((x*0.500000)+1.000000)), 2.54379e-05
(sin((x+(x*0.500000)))/((x*0.500000)+1.000000)), 2.54379e-05
(sin((x+(x*0.500000)))/((x*0.500000)+1.000000)), 2.54379e-05
(sin((x+(x*0.500000)))/((x*0.500000)+1.000000)), 2.54379e-05
(sin((x+(x*0.500000)))/((x*0.500000)+1.000000)), 2.54379e-05
(sin((x+(x*0.500000)))/((x*0.500000)+1.000000)), 2.54379e-05
(sin((x+(x*0.500000)))/((x*0.500000)+1.000000)), 2.54379e-05
(sin((x+(x*0.500000)))/((x*0.500000)+1.000000)), 2.54379e-05
(sin((x+(x*0.500000)))/((x*0.500000)+1.000000)), 2.54379e-05
(sin((x+(x*0.500000)))/((x*0.500000)+1.000000)), 2.54379e-05
(sin((x+(x*0.500000)))/((x*0.500000)+1.000000)), 2.54379e-05
(sin((x+(x*0.500000)))/((x*0.500000)+1.000000)), 2.54379e-05
(sin((x+(x*0.500000)))/((x*0.500000)+1.000000)), 2.54379e-05
(sin((x+(x*0.500000)))/((x*0.500000)+1.000000)), 2.54379e-05
(sin((x+(x*0.500000)))/((x*0.500000)+1.000000)), 2.54379e-05
(sin((x+(x*0.500000)))/((x*0.500000)+1.000000)), 2.54379e-05
(sin((x+(x*0.500000)))/((x*0.500000)+1.000000)), 2.54379e-05
(sin((x+(x*0.500000)))/((x*0.500000)+1.000000)), 2.54379e-05
(sin((x+(x*0.500000)))/((x*0.500000)+1.000000)), 2.54379e-05
(sin((x+(x*0.500000)))/((x*0.500000)+1.000000)), 2.54379e-05
(sin((x+(x*0.500000)))/((x*0.500000)+1.000000)), 2.54379e-05
(sin((x+(x*0.500000)))/((x*0.500000)+1.000000)), 2.54379e-05
(sin((x+(x*0.500000)))/(1.000000+(x*0.500000))), 2.54379e-05
(sin((x+(x*0.500000)))/((x*0.500000)+1.000000)), 2.54379e-05
(sin((x+(x*0.500000)))/((x*0.500000)+1.000000)), 2.54379e-05
(sin((x+(x*0.500000)))/(1.000000+(x*0.500000))), 2.54379e-05
(sin((x+(x*0.500000)))/((x*0.500000)+1.000000)), 2.54379e-05
(sin((x+(x*0.500000)))/((x*0.500000)+1.000000)), 2.54379e-05
(sin((x+(x*0.500000)))/((x*0.500000)+1.000000)), 2.54379e-05
(sin((x+(x*0.500000)))/((x*0.500000)+1.000000)), 2.54379e-05
(sin((x+(x*0.500000)))/((x*0.500000)+1.000000)), 2.54379e-05
(sin((x+(x*0.500000)))/((x*0.500000)+1.000000)), 2.54379e-05
(sin((x+(x*0.500000)))/((x*0.500000)+1.000000)), 2.54379e-05
(sin((x+(x*0.500000)))/((x*0.500000)+1.000000)), 2.54379e-05
(sin((x+(x*0.500000)))/((x*0.500000)+1.000000)), 2.54379e-05
(sin((x+(x*0.500000)))/((x*0.500000)+1.000000)), 2.54379e-05
(sin((x+(x*0.500000)))/((x*0.500000)+1.000000)), 2.54379e-05
(sin((x+(x*0.500000)))/((x*0.500000)+1.000000)), 2.54379e-05
(sin((x+(x*0.500000)))/((x*0.500000)+1.000000)), 2.54379e-05
(sin((x+(x*0.500000)))/((x*0.500000)+1.000000)), 2.54379e-05
(sin((x+(x*0.500000)))/((x*0.500000)+1.000000)), 2.54379e-05
(sin((x+(x*0.500000)))/((x*0.500000)+1.000000)), 2.54379e-05
(sin((x+(x*0.500000)))/((x*0.500000)+1.000000)), 2.54379e-05
(sin((x+(x*0.500000)))/((x*0.500000)+1.000000)), 2.54379e-05
(sin((x+(x*0.500000)))/((x*0.500000)+1.000000)), 2.54379e-05
(sin((x+(x*0.500000)))/((x*0.500000)+1.000000)), 2.54379e-05
(sin((x+(x*0.500000)))/((x-(x*0.500000))+1.000000)), 2.54379e-05
(sin((x+(x*0.500000)))/((x*0.500000)+1.000000)), 2.54379e-05
(sin((x+(x*0.500000)))/((x*0.500000)+1.000000)), 2.54379e-05
(sin((x+(x*0.500000)))/((x*0.500000)+1.000000)), 2.54379e-05
(sin((x+(x*0.500000)))/((x-(x*0.500000))+1.000000)), 2.54379e-05
(sin((x+(x*0.500000)))/((x-(x*0.500000))+1.000000)), 2.54379e-05
(sin((x+(x*0.500000)))/((x-(x*0.500000))+1.000000)), 2.54379e-05
(sin((x+(x*0.500000)))/((x*0.500000)+1.000000)), 2.54379e-05
(sin((x+(x*0.500000)))/((x-(x*0.500000))+1.000000)), 2.54379e-05
(sin((x+(x*0.500000)))/((x*0.500000)+1.000000)), 2.54379e-05
(sin((x+(x*0.500000)))/((x-(x*0.500000))+1.000000)), 2.54379e-05
(sin((x+(x*0.500000)))/((x*0.500000)+1.000000)), 2.54379e-05
(sin((x+(x*0.500000)))/((x-(x*0.500000))+1.000000)), 2.54379e-05
(sin((x+(x*0.500000)))/((x*0.500000)+1.000000)), 2.54379e-05
(sin((x+(x*0.500000)))/((x*0.500000)+1.000000)), 2.54379e-05
(sin((x+(x*0.500000)))/((x-(x*0.500000))+1.000000)), 2.54379e-05
(sin((x+(x*0.500000)))/((x*0.500000)+1.000000)), 2.54379e-05
(sin((x+(x*0.500000)))/((x-(x*0.500000))+1.000000)), 2.54379e-05
(sin((x+(x*0.500000)))/((x*0.500000)+1.000000)), 2.54379e-05
(sin((x+(x*0.500000)))/((x*0.500000)+1.000000)), 2.54379e-05
(sin((x+(x*0.500000)))/((x*0.500000)+1.000000)), 2.54379e-05
(sin((x+(x*0.500000)))/((x*0.500000)+1.000000)), 2.54379e-05
(sin((x+(x*0.500000)))/((x*0.500000)+1.000000)), 2.54379e-05
(sin((x+(x*0.500000)))/((x*0.500000)+1.000000)), 2.54379e-05
(sin((x+(x*0.500000)))/((x*0.500000)+1.000000)), 2.54379e-05
(sin((x+(x*0.500000)))/((x*0.500000)+1.000000)), 2.54379e-05
(sin((x+(x*0.500000)))/((x*0.500000)+1.000000)), 2.54379e-05
(sin((x+(x*0.500000)))/((x*0.500000)+1.000000)), 2.54379e-05
(sin((x+(x*0.500000)))/((x*0.500000)+1.000000)), 2.54379e-05
(sin((x+(x*0.500000)))/((x*0.500000)+1.000000)), 2.54379e-05
(sin((x+(x*0.500000)))/((x*0.500000)+1.000000)), 2.54379e-05
(sin((x+(x*0.500000)))/((x*0.500000)+1.000000)), 2.54379e-05
(sin((x+(x*0.500000)))/((x*0.500000)+1.000000)), 2.54379e-05
(sin((x+(x*0.500000)))/((x*0.500000)+1.000000)), 2.54379e-05
(sin((x+(x*0.500000)))/((x*0.500000)+1.000000)), 2.54379e-05
(sin((x+(x*0.500000)))/((x*0.500000)+1.000000)), 2.54379e-05
(sin((x+(x*0.500000)))/((x*0.500000)+1.000000)), 2.54379e-05
(sin((x+(x*0.500000)))/((x*0.500000)+1.000000)), 2.54379e-05
(sin((x+(x*0.500000)))/((x*0.500000)+1.000000)), 2.54379e-05
(sin((x+(x*0.500000)))/((x*0.500000)+1.000000)), 2.54379e-05
(sin((x+(x*0.500000)))/((x*0.500000)+1.000000)), 2.54379e-05
(sin((x+(x*0.500000)))/((x*0.500000)+1.000000)), 2.54379e-05
(sin((x+(x*0.500000)))/((x*0.500000)+1.000000)), 2.54379e-05
(sin((x+(x*0.500000)))/((x*0.500000)+1.000000)), 2.54379e-05
(sin((x+(x*0.500000)))/((x*0.500000)+1.000000)), 2.54379e-05
(sin((x+(x*0.500000)))/(1.000000+((x*0.500000)/1.000000))), 2.54379e-05
(sin((x+(x*0.500000)))/((x*0.500000)+1.000000)), 2.54379e-05
(sin((x+(x*0.500000)))/((x*0.500000)+1.000000)), 2.54379e-05
(sin((x+(x*0.500000)))/((x*0.500000)+1.000000)), 2.54379e-05
(sin((x+(x*0.500000)))/((x*0.500000)+1.000000)), 2.54379e-05
(sin((x+(x*0.500000)))/((x*0.500000)+1.000000)), 2.54379e-05
(sin((x+(x*0.500000)))/((x*0.500000)+1.000000)), 2.54379e-05
(sin((x+(x*0.500000)))/((x*0.500000)+1.000000)), 2.54379e-05
(sin((x+(x*0.500000)))/((x*0.500000)+1.000000)), 2.54379e-05
(sin((x+(x*0.500000)))/((x*0.500000)+1.000000)), 2.54379e-05
(sin((x+(x*0.500000)))/((x*0.500000)+1.000000)), 2.54379e-05
(sin((x+(x*0.500000)))/((x*0.500000)+1.000000)), 2.54379e-05
(sin((x+(x*0.500000)))/((x*0.500000)+1.000000)), 2.54379e-05
(sin((x+(x*0.500000)))/((x*0.500000)+1.000000)), 2.54379e-05
(sin((x+(x*0.500000)))/((x*0.500000)+1.000000)), 2.54379e-05
(sin((x+(x*0.500000)))/((x*0.500000)+1.000000)), 2.54379e-05
(sin((x+(x*0.500000)))/((x-(x*0.500000))+1.000000)), 2.54379e-05
(sin((x+(x*0.500000)))/((x*0.500000)+1.000000)), 2.54379e-05
(sin((x+(x*0.500000)))/((x-(x*0.500000))+1.000000)), 2.54379e-05
(sin((x+(x*0.500000)))/((x-(x*0.500000))+1.000000)), 2.54379e-05
(sin((x+(x*0.500000)))/((x*0.500000)+1.000000)), 2.54379e-05
(sin((x+(x*0.500000)))/((x*0.500000)+1.000000)), 2.54379e-05
(sin((x+(x*0.500000)))/((x*0.500000)+1.000000)), 2.54379e-05
(sin((x+(x*0.500000)))/((x*0.500000)+1.000000)), 2.54379e-05
(sin((x+(x*0.500000)))/((x*0.500000)+1.000000)), 2.54379e-05
(sin((x+(x*0.500000)))/((x*0.500000)+1.000000)), 2.54379e-05
(sin((x+(x*0.500000)))/((x*0.500000)+1.000000)), 2.54379e-05
(sin((x+(x*0.500000)))/((x*0.500000)+1.000000)), 2.54379e-05
(sin((x+(x*0.500000)))/((x*0.500000)+1.000000)), 2.54379e-05
(sin((x+(x*0.500000)))/((x*0.500000)+1.000000)), 2.54379e-05
(sin((x+(x*0.500000)))/((x*0.500000)+1.000000)), 2.54379e-05
(sin((x+(x*0.500000)))/((x*0.500000)+1.000000)), 2.54379e-05
(sin((x+(x*0.500000)))/((x*0.500000)+1.000000)), 2.54379e-05
(sin((x+(x*0.500000)))/((x*0.500000)+1.000000)), 2.54379e-05
(sin((x+(x*0.500000)))/((x*0.500000)+1.000000)), 2.54379e-05
(sin((x+(x*0.500000)))/((x*0.500000)+1.000000)), 2.54379e-05
(sin((x+(x*0.500000)))/((x*0.500000)+1.000000)), 2.54379e-05
(sin((x+(x*0.500000)))/((x*0.500000)+1.000000)), 2.54379e-05
(sin(((x*1.000000)+(x*0.500000)))/((x*0.500000)+1.000000)), 2.54379e-05
(sin((x+(x*0.500000)))/((x*0.500000)+1.000000)), 2.54379e-05
(sin(((x*1.000000)+(x*0.500000)))/((x*0.500000)+1.000000)), 2.54379e-05
(sin((x+(x*0.500000)))/((x*0.500000)+1.000000)), 2.54379e-05
(sin((x+(x*0.500000)))/((x*0.500000)+1.000000)), 2.54379e-05
(sin((x+(x*0.500000)))/((x*0.500000)+1.000000)), 2.54379e-05
(sin(((x*1.000000)+(x*0.500000)))/((x*0.500000)+1.000000)), 2.54379e-05
(sin((x+(x*0.500000)))/((x*0.500000)+1.000000)), 2.54379e-05
(sin(((x*1.000000)+(x*0.500000)))/((x*0.500000)+1.000000)), 2.54379e-05
(sin(((x*1.000000)+(x*0.500000)))/((x*0.500000)+1.000000)), 2.54379e-05
(sin(((x*1.000000)+(x*0.500000)))/((x*0.500000)+1.000000)), 2.54379e-05
(sin(((x*1.000000)+(x*0.500000)))/((x*0.500000)+1.000000)), 2.54379e-05
(sin(((x*1.000000)+(x*0.500000)))/((x*0.500000)+1.000000)), 2.54379e-05
(sin((x+(x*0.500000)))/((x*0.500000)+1.000000)), 2.54379e-05
(sin(((x*1.000000)+(x*0.500000)))/((x*0.500000)+1.000000)), 2.54379e-05
(sin((x+(x*0.500000)))/((x*0.500000)+1.000000)), 2.54379e-05
(sin(((0.500000*x)+x))/((x*0.500000)+1.000000)), 2.54379e-05
(sin((x+(x*0.500000)))/((x*0.500000)+1.000000)), 2.54379e-05
(sin(((0.500000*x)+x))/((x*0.500000)+1.000000)), 2.54379e-05
(sin(((x*0.500000)+x))/((x*0.500000)+1.000000)), 2.54379e-05
(sin((x+(x*0.500000)))/((x*0.500000)+1.000000)), 2.54379e-05
(sin((x+(x*0.500000)))/((x*0.500000)+1.000000)), 2.54379e-05
(sin(((x*0.500000)+x))/((x*0.500000)+1.000000)), 2.54379e-05
(sin((x+(x*0.500000)))/((x*0.500000)+1.000000)), 2.54379e-05
(sin((x+(x*0.500000)))/((x*0.500000)+1.000000)), 2.54379e-05
(sin((x+(x*0.500000)))/((x*0.500000)+1.000000)), 2.54379e-05
(sin((x+(x*0.500000)))/((x*0.500000)+1.000000)), 2.54379e-05
(sin((x+(x*0.500000)))/((x*0.500000)+1.000000)), 2.54379e-05
(sin((x+(x*0.500000)))/((x*0.500000)+1.000000)), 2.54379e-05
(sin((x+(x*0.500000)))/((x*0.500000)+1.000000)), 2.54379e-05
(sin((x+(x*0.500000)))/((x*0.500000)+1.000000)), 2.54379e-05
(sin((x+(x*0.500000)))/((x*0.500000)+1.000000)), 2.54379e-05
(sin((x+(x*0.500000)))/((x*0.500000)+1.000000)), 2.54379e-05
(sin((x+(x*0.500000)))/((x*0.500000)+1.000000)), 2.54379e-05
(sin((x+(x*0.500000)))/((x*0.500000)+1.000000)), 2.54379e-05
(sin((x+(x*0.500000)))/((x*0.500000)+1.000000)), 2.54379e-05
(sin((x+(x*0.500000)))/((x*0.500000)+1.000000)), 2.54379e-05
(sin((x+(x*0.500000)))/((x*0.500000)+1.000000)), 2.54379e-05
(sin((x+(x*0.500000)))/((x*0.500000)+1.000000)), 2.54379e-05
(sin((x+(x*0.500000)))/((x*0.500000)+1.000000)), 2.54379e-05
(sin((x+(x*0.500000)))/((x*0.500000)+1.000000)), 2.54379e-05
(sin((x+(x*0.500000)))/((x*0.500000)+1.000000)), 2.54379e-05
(sin((x+(x*0.500000)))/((x*0.500000)+1.000000)), 2.54379e-05
(sin((x+(x*0.500000)))/((x*0.500000)+1.000000)), 2.54379e-05
(sin((x+(x*0.500000)))/((x*0.500000)+1.000000)), 2.54379e-05
(sin((x+(x*0.500000)))/((x*0.500000)+1.000000)), 2.54379e-05
(sin(((x*0.500000)+x))/((x*0.500000)+1.000000)), 2.54379e-05
(sin((x+(x*0.500000)))/((x*0.500000)+1.000000)), 2.54379e-05
(sin((x+(x*0.500000)))/((x*0.500000)+1.000000)), 2.54379e-05
(sin((x+(x*0.500000)))/((x*0.500000)+1.000000)), 2.54379e-05
(sin((x+(x*0.500000)))/((x*0.500000)+1.000000)), 2.54379e-05
(sin((x+(x*0.500000)))/((x*0.500000)+1.000000)), 2.54379e-05
(sin((x+(x*0.500000)))/((x*0.500000)+1.000000)), 2.54379e-05
(sin((x+(x*0.500000)))/((x*0.500000)+1.000000)), 2.54379e-05
(sin((x+(x*0.500000)))/(1.000000+(x*0.500000))), 2.54379e-05
(sin((x+(x*0.500000)))/((x*0.500000)+1.000000)), 2.54379e-05
(sin((x+(x*0.500000)))/(1.000000+(x*0.500000))), 2.54379e-05
(sin((x+(x*0.500000)))/((x*0.500000)+1.000000)), 2.54379e-05
(sin((x+(x*0.500000)))/(1.000000+(x*0.500000))), 2.54379e-05
(sin((x+(x*0.500000)))/(((x*0.500000)/1.000000)+1.000000)), 2.54379e-05
(sin((x+(x*0.500000)))/(1.000000+(x*0.500000))), 2.54379e-05
(sin((x+(x*0.500000)))/((x*0.500000)+1.000000)), 2.54379e-05
(sin((x+(x*0.500000)))/(1.000000+(x*0.500000))), 2.54379e-05
(sin((x+(x*0.500000)))/((x*0.500000)+1.000000)), 2.54379e-05
(sin((x+(x*0.500000)))/(1.000000+(x*0.500000))), 2.54379e-05
(sin((x+(x*0.500000)))/((x*0.500000)+1.000000)), 2.54379e-05
(sin((x+(x*0.500000)))/(1.000000+(x*0.500000))), 2.54379e-05
(sin((x+(x*0.500000)))/((x*0.500000)+1.000000)), 2.54379e-05
(sin((x+(x*0.500000)))/(1.000000+(x*0.500000))), 2.54379e-05
(sin((x+(x*0.500000)))/((x*0.500000)+1.000000)), 2.54379e-05
(sin((x+(x*0.500000)))/((x-(x*0.500000))+1.000000)), 2.54379e-05
(sin((x+(x*0.500000)))/((x-(x*0.500000))+1.000000)), 2.54379e-05
(sin((x+(x*0.500000)))/((x*0.500000)+1.000000)), 2.54379e-05
(sin((x+(x*0.500000)))/((x-(x*0.500000))+1.000000)), 2.54379e-05
(sin((x+(x*0.500000)))/((x*0.500000)+1.000000)), 2.54379e-05
(sin((x+(x*0.500000)))/((x-(x*0.500000))+1.000000)), 2.54379e-05
(sin((x+(x*0.500000)))/((x*0.500000)+1.000000)), 2.54379e-05
(sin((x+(x*0.500000)))/((x*0.500000)+1.000000)), 2.54379e-05
(sin((x+(x*0.500000)))/((x*0.500000)+1.000000)), 2.54379e-05
(sin((x+(x*0.500000)))/((x*0.500000)+1.000000)), 2.54379e-05
(sin((x+(x*0.500000)))/((x*0.500000)+1.000000)), 2.54379e-05
(sin((x+(x*0.500000)))/((x*0.500000)+1.000000)), 2.54379e-05
(sin((x+(x*0.500000)))/((x*0.500000)+1.000000)), 2.54379e-05
(sin((x+(x*0.500000)))/((x*0.500000)+1.000000)), 2.54379e-05
(sin((x+(x*0.500000)))/((x*0.500000)+1.000000)), 2.54379e-05
(sin((x+(x*0.500000)))/((x*0.500000)+1.000000)), 2.54379e-05
(sin((x+(x*0.500000)))/((x*0.500000)+1.000000)), 2.54379e-05
(sin((x+(x*0.500000)))/((x*0.500000)+1.000000)), 2.54379e-05
(sin((x+(x*0.500000)))/((x*0.500000)+1.000000)), 2.54379e-05
(sin((x+(x*0.500000)))/((x*0.500000)+1.000000)), 2.54379e-05
(sin((x+(x*0.500000)))/((x*0.500000)+1.000000)), 2.54379e-05
(sin((x+(x*0.500000)))/((x-(x*0.500000))+1.000000)), 2.54379e-05
(sin((x+(x*0.500000)))/((x*0.500000)+1.000000)), 2.54379e-05
(sin((x+(x*0.500000)))/((x*0.500000)+1.000000)), 2.54379e-05
(sin((x+(x*0.500000)))/((x*0.500000)+1.000000)), 2.54379e-05
(sin((x+(x*0.500000)))/(1.000000+(x*0.500000))), 2.54379e-05
(sin((x+(x*0.500000)))/((x*0.500000)+1.000000)), 2.54379e-05
(sin((x+(x*0.500000)))/((x*0.500000)+1.000000)), 2.54379e-05
(sin((x+(x*0.500000)))/(1.000000+(x*0.500000))), 2.54379e-05
(sin((x+(x*0.500000)))/((x*0.500000)+1.000000)), 2.54379e-05
(sin((x+(x*0.500000)))/((x*0.500000)+1.000000)), 2.54379e-05
(sin((x+(x*0.500000)))/(1.000000+(x*0.500000))), 2.54379e-05
(sin((x+(x*0.500000)))/(1.000000+(x*0.500000))), 2.54379e-05
(sin((x+(x*0.500000)))/((x*0.500000)+1.000000)), 2.54379e-05
(sin((x+(x*0.500000)))/((x*0.500000)+1.000000)), 2.54379e-05
(sin((x+(x*0.500000)))/((x*0.500000)+1.000000)), 2.54379e-05
(sin((x+(x*0.500000)))/((x*0.500000)+1.000000)), 2.54379e-05
(sin((x+(x*0.500000)))/((x*0.500000)+1.000000)), 2.54379e-05
(sin((x+(x*0.500000)))/((x*0.500000)+1.000000)), 2.54379e-05
(sin((x+(x*0.500000)))/((x*0.500000)+1.000000)), 2.54379e-05
(sin((x+(x*0.500000)))/((x*0.500000)+1.000000)), 2.54379e-05
(sin((x+(x*0.500000)))/((x*0.500000)+1.000000)), 2.54379e-05
(sin((x+(x*0.500000)))/((x*0.500000)+1.000000)), 2.54379e-05
(sin((x+(x*0.500000)))/((x*0.500000)+1.000000)), 2.54379e-05
(sin((x+(x*0.500000)))/((0.500000*x)+1.000000)), 2.54379e-05
(sin((x+(x*0.500000)))/((x*0.500000)+1.000000)), 2.54379e-05
(sin((x+(x*0.500000)))/((x*0.500000)+1.000000)), 2.54379e-05
(sin((x+(x*0.500000)))/(1.000000+(x*0.500000))), 2.54379e-05
(sin((x+(x*0.500000)))/((x*0.500000)+1.000000)), 2.54379e-05
(sin((x+(x*0.500000)))/(1.000000+(x*0.500000))), 2.54379e-05
(sin((x+(x*0.500000)))/((x*0.500000)+1.000000)), 2.54379e-05
(sin((x+(x*0.500000)))/((x-(x*0.500000))+1.000000)), 2.54379e-05
(sin((x+(x*0.500000)))/((x*0.500000)+1.000000)), 2.54379e-05
(sin((x+(x*0.500000)))/(1.000000+(x*0.500000))), 2.54379e-05
(sin((x+(x*0.500000)))/((x*0.500000)+1.000000)), 2.54379e-05
(sin((x+(x*0.500000)))/(1.000000+(x*0.500000))), 2.54379e-05
(sin(((x*0.500000)+x))/((0.500000*x)+1.000000)), 2.54379e-05
(sin((x+(x*0.500000)))/(1.000000+(x*0.500000))), 2.54379e-05
(sin((x+(x*0.500000)))/((x*0.500000)+1.000000)), 2.54379e-05
(sin((x+(x*0.500000)))/(1.000000+(x*0.500000))), 2.54379e-05
(sin((x+(x*0.500000)))/((x*0.500000)+1.000000)), 2.54379e-05
(sin((x+(x*0.500000)))/((x*0.500000)+1.000000)), 2.54379e-05
(sin((x+(x*0.500000)))/((x*0.500000)+1.000000)), 2.54379e-05
(sin((x+(x*0.500000)))/((x*0.500000)+1.000000)), 2.54379e-05
(sin((x+(x*0.500000)))/((x*0.500000)+1.000000)), 2.54379e-05
(sin((x+(x*0.500000)))/(1.000000+(x*0.500000))), 2.54379e-05
(sin((x+(x*0.500000)))/((x*0.500000)+1.000000)), 2.54379e-05
(sin((x+(x*0.500000)))/((1.000000+(x*0.500000))/1.000000)), 2.54379e-05
(sin((x+(x*0.500000)))/((x*0.500000)+1.000000)), 2.54379e-05
(sin((x+(x*0.500000)))/((1.000000+(x*0.500000))/1.000000)), 2.54379e-05
(sin((x+(x*0.500000)))/((x*0.500000)+1.000000)), 2.54379e-05
(sin((x+(x*0.500000)))/((x*0.500000)+1.000000)), 2.54379e-05
(sin((x+(x*0.500000)))/((x*0.500000)+1.000000)), 2.54379e-05
(sin((x+(x*0.500000)))/((x*0.500000)+1.000000)), 2.54379e-05
(sin((x+(x*0.500000)))/((x*0.500000)+1.000000)), 2.54379e-05
(sin((x+(x*0.500000)))/((x*0.500000)+1.000000)), 2.54379e-05
(sin((x+(x*0.500000)))/((x*0.500000)+1.000000)), 2.54379e-05
(sin((x+(x*0.500000)))/((x*0.500000)+1.000000)), 2.54379e-05
(sin((x+(x*0.500000)))/((x*0.500000)+1.000000)), 2.54379e-05
(sin((x+(x*0.500000)))/((x*0.500000)+1.000000)), 2.54379e-05
(sin((x+(x*0.500000)))/((0.500000*x)+1.000000)), 2.54379e-05
(sin((x+(x*0.500000)))/((x*0.500000)+1.000000)), 2.54379e-05
(sin((x+(x*0.500000)))/((0.500000*x)+1.000000)), 2.54379e-05
(sin((x+(x*0.500000)))/((x*0.500000)+1.000000)), 2.54379e-05
(sin((x+(x*0.500000)))/((x*0.500000)+1.000000)), 2.54379e-05
(sin((x+(x*0.500000)))/((x*0.500000)+1.000000)), 2.54379e-05
(sin((x+(x*0.500000)))/((x*0.500000)+1.000000)), 2.54379e-05
(sin((x+(x*0.500000)))/((1.000000+(x*0.500000))/1.000000)), 2.54379e-05
(sin((x+(x*0.500000)))/((x*0.500000)+1.000000)), 2.54379e-05
(sin((x+(x*0.500000)))/((x*0.500000)+1.000000)), 2.54379e-05
(sin((x+(x*0.500000)))/(1.000000+(x*0.500000))), 2.54379e-05
(sin((x+(x*0.500000)))/(1.000000+(x*0.500000))), 2.54379e-05
(sin((x+(x*0.500000)))/((x*0.500000)+1.000000)), 2.54379e-05
(sin((x+(x*0.500000)))/((1.000000+(x*0.500000))/1.000000)), 2.54379e-05
(sin((x+(x*0.500000)))/((x*0.500000)+1.000000)), 2.54379e-05
(sin((x+(x*0.500000)))/(1.000000+(x*0.500000))), 2.54379e-05
(sin((x+(x*0.500000)))/((x*0.500000)+1.000000)), 2.54379e-05
(sin((x+(x*0.500000)))/(1.000000+(x*0.500000))), 2.54379e-05
(sin((x+(x*0.500000)))/(1.000000+(x*0.500000))), 2.54379e-05
(sin((x+(x*0.500000)))/(1.000000+(x*0.500000))), 2.54379e-05
(sin((x+(x*0.500000)))/(1.000000+(x*0.500000))), 2.54379e-05
(sin((x+(x*0.500000)))/(1.000000+(x*0.500000))), 2.54379e-05
(sin((x+(x*0.500000)))/(1.000000+(x*0.500000))), 2.54379e-05
(sin((x+(x*0.500000)))/((x*0.500000)+1.000000)), 2.54379e-05
(sin((x+(x*0.500000)))/(1.000000+(x*0.500000))), 2.54379e-05
(sin((x+(x*0.500000)))/(1.000000+(x*0.500000))), 2.54379e-05
(sin((x+(x*0.500000)))/(1.000000+(x*0.500000))), 2.54379e-05
(sin((x+(x*0.500000)))/(1.000000+(x*0.500000))), 2.54379e-05
(sin((x+(x*0.500000)))/(1.000000+(x*0.500000))), 2.54379e-05
(sin((x+(x*0.500000)))/((x*0.500000)+1.000000)), 2.54379e-05
(sin((x+(x*0.500000)))/(1.000000+(x*0.500000))), 2.54379e-05
(sin((x+(x*0.500000)))/((x*0.500000)+1.000000)), 2.54379e-05
(sin((x+(x*0.500000)))/(1.000000+(x*0.500000))), 2.54379e-05
(sin((x+(x*0.500000)))/((x*0.500000)+1.000000)), 2.54379e-05
(sin((x+(x*0.500000)))/(1.000000+(x*0.500000))), 2.54379e-05
(sin((x+(x*0.500000)))/(1.000000+(x*0.500000))), 2.54379e-05
(sin((x+(x*0.500000)))/((x*0.500000)+1.000000)), 2.54379e-05
(sin((x+(x*0.500000)))/(1.000000+(x*0.500000))), 2.54379e-05
(sin((x+(x*0.500000)))/((x*0.500000)+1.000000)), 2.54379e-05
(sin((x+(x*0.500000)))/(1.000000+(x*0.500000))), 2.54379e-05
(sin((x+(x*0.500000)))/(1.000000+(x*0.500000))), 2.54379e-05
(sin((x+(x*0.500000)))/(1.000000+(x*0.500000))), 2.54379e-05
(sin((x+(x*0.500000)))/(1.000000+(x*0.500000))), 2.54379e-05
(sin((x+(x*0.500000)))/(1.000000+(x*0.500000))), 2.54379e-05
(sin((x+(x*0.500000)))/(1.000000+(x*0.500000))), 2.54379e-05
(sin((x+(x*0.500000)))/((x*0.500000)+1.000000)), 2.54379e-05
(sin((x+(x*0.500000)))/((x*0.500000)+1.000000)), 2.54379e-05
(sin((x+(x*0.500000)))/(1.000000+(x*0.500000))), 2.54379e-05
(sin((x+(x*0.500000)))/((x*0.500000)+1.000000)), 2.54379e-05
(sin((x+(x*0.500000)))/(1.000000+(x*0.500000))), 2.54379e-05
(sin((x+(x*0.500000)))/(1.000000+(x*0.500000))), 2.54379e-05
(sin((x+(x*0.500000)))/(1.000000+(x*0.500000))), 2.54379e-05
(sin((x+(x*0.500000)))/(1.000000+(x*0.500000))), 2.54379e-05
(sin((x+(x*0.500000)))/(1.000000+(x*0.500000))), 2.54379e-05
(sin((x+(x*0.500000)))/(1.000000+(x*0.500000))), 2.54379e-05
(sin((x+(x*0.500000)))/(1.000000+(x*0.500000))), 2.54379e-05
(sin((x+(x*0.500000)))/(1.000000+(x-(x*0.500000)))), 2.54379e-05
(sin((x+(x*0.500000)))/(1.000000+(x*0.500000))), 2.54379e-05
(sin((x+(x*0.500000)))/(1.000000+(x*0.500000))), 2.54379e-05
(sin((x+(x*0.500000)))/(1.000000+(x*0.500000))), 2.54379e-05
(sin((x+(x*0.500000)))/(1.000000+(x*0.500000))), 2.54379e-05
(sin((x+(x*0.500000)))/(1.000000+(x-(x*0.500000)))), 2.54379e-05
(sin((x+(x*0.500000)))/(1.000000+(x*0.500000))), 2.54379e-05
(sin((x+(x*0.500000)))/(1.000000+(x-(x*0.500000)))), 2.54379e-05
(sin((x+(x*0.500000)))/(1.000000+(x*0.500000))), 2.54379e-05
(sin((x+(x*0.500000)))/(1.000000+(x-(x*0.500000)))), 2.54379e-05
(sin((x+(x*0.500000)))/(1.000000+(x*0.500000))), 2.54379e-05
(sin((x+(x*0.500000)))/(1.000000+(x-(x*0.500000)))), 2.54379e-05
(sin((x+(x*0.500000)))/(1.000000+(x-(x*0.500000)))), 2.54379e-05
(sin((x+(x*0.500000)))/(1.000000+(x-(x*0.500000)))), 2.54379e-05
(sin((x+(x*0.500000)))/(1.000000+(x-(x*0.500000)))), 2.54379e-05
(sin((x+(x*0.500000)))/(1.000000+(x-(x*0.500000)))), 2.54379e-05
(sin((x+(x*0.500000)))/(1.000000+(x-(x*0.500000)))), 2.54379e-05
(sin((x+(x*0.500000)))/(1.000000+(x-(x*0.500000)))), 2.54379e-05
(sin((x+(x*0.500000)))/(1.000000+(x-(x*0.500000)))), 2.54379e-05
(sin((x+(x*0.500000)))/(1.000000+(x-(x*0.500000)))), 2.54379e-05
(sin((x+(x*0.500000)))/(1.000000+(x-(x*0.500000)))), 2.54379e-05
(sin((x+(x*0.500000)))/(1.000000+(x-(x*0.500000)))), 2.54379e-05
(sin((x+(x*0.500000)))/(1.000000+(x-(x*0.500000)))), 2.54379e-05
(sin((x+(x*0.500000)))/(1.000000+(x-(x*0.500000)))), 2.54379e-05
(sin((x+(x*0.500000)))/(1.000000+(x-(x*0.500000)))), 2.54379e-05
(sin((x+(x*0.500000)))/(1.000000+(x-(x*0.500000)))), 2.54379e-05
(sin((x+(x*0.500000)))/(1.000000+(x-(x*0.500000)))), 2.54379e-05
(sin((x+(x*0.500000)))/(1.000000+(x-(x*0.500000)))), 2.54379e-05
(sin((x+(x*0.500000)))/(1.000000+(x-(x*0.500000)))), 2.54379e-05
(sin((x+(x*0.500000)))/(1.000000+(x-(x*0.500000)))), 2.54379e-05
(sin((x+(x*0.500000)))/(1.000000+(x-(x*0.500000)))), 2.54379e-05
(sin((x+(x*0.500000)))/(1.000000+(x-(x*0.500000)))), 2.54379e-05
(sin((x+(x*0.500000)))/(1.000000+(x-(x*0.500000)))), 2.54379e-05
(sin((x+(x*0.500000)))/(1.000000+(x-(x*0.500000)))), 2.54379e-05
(sin((x+(x*0.500000)))/(1.000000+(x-(x*0.500000)))), 2.54379e-05
(sin((x+(x*0.500000)))/(1.000000+(x-(x*0.500000)))), 2.54379e-05
(sin((x+(x*0.500000)))/(1.000000+(x-(x*0.500000)))), 2.54379e-05
(sin((x+(x*0.500000)))/(1.000000+(x-(x*0.500000)))), 2.54379e-05
(sin((x+(x*0.500000)))/(1.000000+(x-(x*0.500000)))), 2.54379e-05
(sin((x+(x*0.500000)))/(1.000000+(x-(x*0.500000)))), 2.54379e-05
(sin((x+(x*0.500000)))/(1.000000+(x-(x*0.500000)))), 2.54379e-05
(sin((x+(x*0.500000)))/(1.000000+(x-(x*0.500000)))), 2.54379e-05
(sin((x+(x*0.500000)))/(1.000000+(x-(x*0.500000)))), 2.54379e-05
(sin((x+(x*0.500000)))/(1.000000+(x-(x*0.500000)))), 2.54379e-05
(sin((x+(x*0.500000)))/(1.000000+(x-(x*0.500000)))), 2.54379e-05
(sin((x+(x*0.500000)))/(1.000000+(x-(x*0.500000)))), 2.54379e-05
(sin((x+(x*0.500000)))/(1.000000+(x-(x*0.500000)))), 2.54379e-05
(sin((x+(x*0.500000)))/(1.000000+(x-(x*0.500000)))), 2.54379e-05
(sin((x+(x*0.500000)))/(1.000000+(x-(x*0.500000)))), 2.54379e-05
(sin((x+(x*0.500000)))/(1.000000+(x-(x*0.500000)))), 2.54379e-05
(sin((x+(x*0.500000)))/(1.000000+(x-(x*0.500000)))), 2.54379e-05
(sin((x+(x*0.500000)))/(1.000000+(x-(x*0.500000)))), 2.54379e-05
(sin((x+(x*0.500000)))/(1.000000+(x-(x*0.500000)))), 2.54379e-05
(sin((x+(x*0.500000)))/(1.000000+(x-(x*0.500000)))), 2.54379e-05
(sin(((x*0.500000)+x))/((x-(x*0.500000))+1.000000)), 2.54379e-05
(sin((x+(x*0.500000)))/(1.000000+(x-(x*0.500000)))), 2.54379e-05
(sin((x+(x*0.500000)))/(1.000000+(x-(x*0.500000)))), 2.54379e-05
(sin((x+(x*0.500000)))/(1.000000+(x-(x*0.500000)))), 2.54379e-05
(sin((x+(x*0.500000)))/(1.000000+(x-(x*0.500000)))), 2.54379e-05
(sin((x+(x*0.500000)))/(1.000000+(x-(x*0.500000)))), 2.54379e-05
(sin(((x*0.500000)+x))/((x-(x*0.500000))+1.000000)), 2.54379e-05
(sin((x+(x*0.500000)))/(1.000000+(x-(x*0.500000)))), 2.54379e-05
(sin((x+(x*0.500000)))/(1.000000+(x-(x*0.500000)))), 2.54379e-05
(sin((x+(x*0.500000)))/(1.000000+(x-(x*0.500000)))), 2.54379e-05
(sin((x+(x*0.500000)))/(1.000000+(x-(x*0.500000)))), 2.54379e-05
(sin((x+(x*0.500000)))/(1.000000+(x-(x*0.500000)))), 2.54379e-05
(sin((x+(x*0.500000)))/(1.000000+(x-(x*0.500000)))), 2.54379e-05
(sin((x+(x*0.500000)))/(1.000000+(x-(x*0.500000)))), 2.54379e-05
(sin((x+(x*0.500000)))/(1.000000+(x-(x*0.500000)))), 2.54379e-05
(sin((x+(x*0.500000)))/(1.000000+(x-(x*0.500000)))), 2.54379e-05
(sin((x+(x*0.500000)))/(1.000000+(x-(x*0.500000)))), 2.54379e-05
(sin((x+(x*0.500000)))/(1.000000+(x-(x*0.500000)))), 2.54379e-05
(sin((x+(x*0.500000)))/(1.000000+(x-(x*0.500000)))), 2.54379e-05
(sin((x+(x*0.500000)))/(1.000000+(x-(x*0.500000)))), 2.54379e-05
(sin((x+(x*0.500000)))/(1.000000+(x-(x*0.500000)))), 2.54379e-05
(sin((x+(x*0.500000)))/(1.000000+(x-(x*0.500000)))), 2.54379e-05
(sin((x+(x*0.500000)))/(1.000000+(x-(x*0.500000)))), 2.54379e-05
(sin((x+(x*0.500000)))/(1.000000+(x-(x*0.500000)))), 2.54379e-05
(sin((x+(x*0.500000)))/(1.000000+(x-(x*0.500000)))), 2.54379e-05
(sin((x+(x*0.500000)))/(1.000000+(x-(x*0.500000)))), 2.54379e-05
(sin((x+(x*0.500000)))/(1.000000+(x-(x*0.500000)))), 2.54379e-05
(sin((x+(x*0.500000)))/(1.000000+(x-(x*0.500000)))), 2.54379e-05
(sin((x+(x*0.500000)))/(1.000000+(x-(x*0.500000)))), 2.54379e-05
(sin((x+(x*0.500000)))/(1.000000+(x-(x*0.500000)))), 2.54379e-05
(sin((x+(x*0.500000)))/(1.000000+(x-(x*0.500000)))), 2.54379e-05
(sin((x+(x*0.500000)))/(1.000000+(x-(x*0.500000)))), 2.54379e-05
(sin((x+(x*0.500000)))/(1.000000+(x-(x*0.500000)))), 2.54379e-05
(sin((x+(x*0.500000)))/(1.000000+(x-(x*0.500000)))), 2.54379e-05
(sin((x+(x*0.500000)))/(1.000000+(x-(x*0.500000)))), 2.54379e-05
(sin((x+(x*0.500000)))/(1.000000+(x-(x*0.500000)))), 2.54379e-05
(sin((x+(x*0.500000)))/(1.000000+(x-(x*0.500000)))), 2.54379e-05
(sin((x+(x*0.500000)))/(1.000000+(x-(x*0.500000)))), 2.54379e-05
(sin((x+(x*0.500000)))/(1.000000+(x-(x*0.500000)))), 2.54379e-05
(sin((x+(x*0.500000)))/(1.000000+(x-(x*0.500000)))), 2.54379e-05
(sin((x+(x*0.500000)))/(1.000000+(x-(x*0.500000)))), 2.54379e-05
(sin((x+(x*0.500000)))/(1.000000+(x-(x*0.500000)))), 2.54379e-05
(sin((x+(x*0.500000)))/(1.000000+(x-(x*0.500000)))), 2.54379e-05
(sin((x+(x*0.500000)))/(1.000000+(x-(x*0.500000)))), 2.54379e-05
(sin((x+(x*0.500000)))/(1.000000+(x-(x*0.500000)))), 2.54379e-05
(sin((x+(x*0.500000)))/(1.000000+(x-(x*0.500000)))), 2.54379e-05
(sin((x+(x*0.500000)))/(1.000000+(x-(x*0.500000)))), 2.54379e-05
(sin((x+(x*0.500000)))/(1.000000+(x-(x*0.500000)))), 2.54379e-05
(sin((x+(x*0.500000)))/(1.000000+(x-(x*0.500000)))), 2.54379e-05
(sin((x+(x*0.500000)))/(1.000000+(x-(x*0.500000)))), 2.54379e-05
(sin((x+(x*0.500000)))/(1.000000+(x-(x*0.500000)))), 2.54379e-05
(sin((x+(x*0.500000)))/(1.000000+(x-(x*0.500000)))), 2.54379e-05
(sin((x+(x*0.500000)))/(1.000000+(x-(x*0.500000)))), 2.54379e-05
(sin((x+(x*0.500000)))/(1.000000+(x-(x*0.500000)))), 2.54379e-05
(sin((x+(x*0.500000)))/(1.000000+(x-(x*0.500000)))), 2.54379e-05
(sin((x+(x*0.500000)))/(1.000000+(x-(x*0.500000)))), 2.54379e-05
(sin((x+(x*0.500000)))/(1.000000+(x-(x*0.500000)))), 2.54379e-05
(sin((x+(x*0.500000)))/(1.000000+(x-(x*0.500000)))), 2.54379e-05
(sin((x+(x*0.500000)))/(1.000000+(x-(x*0.500000)))), 2.54379e-05
(sin((x+(x*0.500000)))/(1.000000+(x-(x*0.500000)))), 2.54379e-05
(sin((x+(x*0.500000)))/(1.000000+(x-(x*0.500000)))), 2.54379e-05
(sin((x+(x*0.500000)))/(1.000000+(x-(x*0.500000)))), 2.54379e-05
(sin((x+(x*0.500000)))/(1.000000+(x-(x*0.500000)))), 2.54379e-05
(sin((x+(x*0.500000)))/(1.000000+(x-(x*0.500000)))), 2.54379e-05
(sin((x+(x*0.500000)))/(1.000000+(x-(x*0.500000)))), 2.54379e-05
(sin((x+(x*0.500000)))/(1.000000+(x-(x*0.500000)))), 2.54379e-05
(sin((x+(x*0.500000)))/(1.000000+(x-(x*0.500000)))), 2.54379e-05
(sin((x+(x*0.500000)))/(1.000000+(x-(x*0.500000)))), 2.54379e-05
(sin((x+(x*0.500000)))/(1.000000+(x-(x*0.500000)))), 2.54379e-05
(sin((x+(x*0.500000)))/(1.000000+(x-(x*0.500000)))), 2.54379e-05
(sin((x+(x*0.500000)))/(1.000000+(x-(x*0.500000)))), 2.54379e-05
(sin((x+(x*0.500000)))/(1.000000+(x-(x*0.500000)))), 2.54379e-05
(sin((x+(x*0.500000)))/(1.000000+(x-(x*0.500000)))), 2.54379e-05
(sin((x+(x*0.500000)))/(1.000000+(x-(x*0.500000)))), 2.54379e-05
(sin((x+(x*0.500000)))/(1.000000+(x-(x*0.500000)))), 2.54379e-05
(sin((x+(x*0.500000)))/(1.000000+(x-(x*0.500000)))), 2.54379e-05
(sin((x+(x*0.500000)))/(1.000000+(x-(x*0.500000)))), 2.54379e-05
(sin((x+(x*0.500000)))/(1.000000+(x-(x*0.500000)))), 2.54379e-05
(sin((x+(x*0.500000)))/(1.000000+(x-(x*0.500000)))), 2.54379e-05
(sin((x+(x*0.500000)))/(1.000000+(x-(x*0.500000)))), 2.54379e-05
(sin((x+(x*0.500000)))/(1.000000+(x-(x*0.500000)))), 2.54379e-05
(sin((x+(x*0.500000)))/(1.000000+(x-(x*0.500000)))), 2.54379e-05
(sin((x+(x*0.500000)))/(1.000000+(x-(x*0.500000)))), 2.54379e-05
(sin((x+(x*0.500000)))/(1.000000+(x-(x*0.500000)))), 2.54379e-05
(sin((x+(x*0.500000)))/(1.000000+(x-(x*0.500000)))), 2.54379e-05
(sin((x+(x*0.500000)))/(1.000000+(x-(x*0.500000)))), 2.54379e-05
(sin((x+(x*0.500000)))/(1.000000+(x-(x*0.500000)))), 2.54379e-05
(sin((x+(x*0.500000)))/(1.000000+(x-(x*0.500000)))), 2.54379e-05
(sin((x+(x*0.500000)))/(1.000000+(x-(x*0.500000)))), 2.54379e-05
(sin((x+(x*0.500000)))/(1.000000+(x-(x*0.500000)))), 2.54379e-05
(sin((x+(x*0.500000)))/(1.000000+(x-(x*0.500000)))), 2.54379e-05
(sin((x+(x*0.500000)))/(1.000000+(x-(x*0.500000)))), 2.54379e-05
(sin((x+(x*0.500000)))/(1.000000+(x-(x*0.500000)))), 2.54379e-05
(sin((x+(x*0.500000)))/(1.000000+(x-(x*0.500000)))), 2.54379e-05
(sin((x+(x*0.500000)))/(1.000000+(x-(x*0.500000)))), 2.54379e-05
(sin((x+(x*0.500000)))/(1.000000+(x-(x*0.500000)))), 2.54379e-05
(sin((x+(x*0.500000)))/(1.000000+(x-(x*0.500000)))), 2.54379e-05
(sin((x+(x*0.500000)))/(1.000000+(x-(x*0.500000)))), 2.54379e-05
(sin((x+(x*0.500000)))/(1.000000+(x-(x*0.500000)))), 2.54379e-05
(sin((x+(x*0.500000)))/(1.000000+(x-(x*0.500000)))), 2.54379e-05
(sin((x+(x*0.500000)))/(1.000000+(x-(x*0.500000)))), 2.54379e-05
(sin((x+(x*0.500000)))/(1.000000+(x-(x*0.500000)))), 2.54379e-05
(sin((x+(x*0.500000)))/(1.000000+(x-(x*0.500000)))), 2.54379e-05
(sin((x+(x*0.500000)))/(1.000000+(x-(x*0.500000)))), 2.54379e-05
(sin((x+(x*0.500000)))/(1.000000+(x-(x*0.500000)))), 2.54379e-05
(sin((x+(x*0.500000)))/(1.000000+(x-(x*0.500000)))), 2.54379e-05
(sin((x+(x*0.500000)))/(1.000000+(x-(x*0.500000)))), 2.54379e-05
(sin((x+(x*0.500000)))/(1.000000+(x-(x*0.500000)))), 2.54379e-05
(sin((x+(x*0.500000)))/(1.000000+(x-(x*0.500000)))), 2.54379e-05
(sin((x+(x*0.500000)))/(1.000000+(x-(x*0.500000)))), 2.54379e-05
(sin((x+(x*0.500000)))/(1.000000+(x-(x*0.500000)))), 2.54379e-05
(sin((x+(x*0.500000)))/(1.000000+(x-(x*0.500000)))), 2.54379e-05
(sin((x+(x*0.500000)))/(1.000000+(x-(x*0.500000)))), 2.54379e-05
(sin((x+(x*0.500000)))/(1.000000+(x-(x*0.500000)))), 2.54379e-05
(sin((x+(x*0.500000)))/(1.000000+(x-(x*0.500000)))), 2.54379e-05
(sin((x+(x*0.500000)))/(1.000000+(x-(x*0.500000)))), 2.54379e-05
(sin((x+(x*0.500000)))/(1.000000+(x-(x*0.500000)))), 2.54379e-05
(sin((x+(x*0.500000)))/(1.000000+(x-(x*0.500000)))), 2.54379e-05
(sin((x+(x*0.500000)))/(1.000000+(x-(x*0.500000)))), 2.54379e-05
(sin((x+(x*0.500000)))/(1.000000+(x-(x*0.500000)))), 2.54379e-05
(sin((x+(x*0.500000)))/(1.000000+(x-(x*0.500000)))), 2.54379e-05
(sin((x+(x*0.500000)))/(1.000000+(x-(x*0.500000)))), 2.54379e-05
(sin((x+(x*0.500000)))/(1.000000+(x-(x*0.500000)))), 2.54379e-05
(sin((x+(x*0.500000)))/(1.000000+(x-(x*0.500000)))), 2.54379e-05
(sin((x+(x*0.500000)))/(1.000000+(x-(x*0.500000)))), 2.54379e-05
(sin((x+(x*0.500000)))/(1.000000+(x-(x*0.500000)))), 2.54379e-05
(sin((x+(x*0.500000)))/(1.000000+(x-(x*0.500000)))), 2.54379e-05
(sin((x+(x*0.500000)))/(1.000000+(x-(x*0.500000)))), 2.54379e-05
(sin((x+(x*0.500000)))/(1.000000+(x-(x*0.500000)))), 2.54379e-05
(sin((x+(x*0.500000)))/(1.000000+(x-(x*0.500000)))), 2.54379e-05
(sin((x+(x*0.500000)))/(1.000000+(x-(x*0.500000)))), 2.54379e-05
(sin((x+(x*0.500000)))/(1.000000+(x-(x*0.500000)))), 2.54379e-05
(sin((x+(x*0.500000)))/(1.000000+(x-(x*0.500000)))), 2.54379e-05
(sin((x+(x*0.500000)))/(1.000000+(x-(x*0.500000)))), 2.54379e-05
(sin((x+(x*0.500000)))/(1.000000+(x-(x*0.500000)))), 2.54379e-05
(sin((x+(x*0.500000)))/(1.000000+(x-(x*0.500000)))), 2.54379e-05
(sin((x+(x*0.500000)))/(1.000000+(x-(x*0.500000)))), 2.54379e-05
(sin((x+(x*0.500000)))/(1.000000+(x-(x*0.500000)))), 2.54379e-05
(sin((x+(x*0.500000)))/(1.000000+(x-(x*0.500000)))), 2.54379e-05
(sin((x+(x*0.500000)))/(1.000000+(x-(x*0.500000)))), 2.54379e-05
(sin((x+(x*0.500000)))/(1.000000+(x-(x*0.500000)))), 2.54379e-05
(sin((x+(x*0.500000)))/(1.000000+(x-(x*0.500000)))), 2.54379e-05
(sin((x+(x*0.500000)))/(1.000000+(x-(x*0.500000)))), 2.54379e-05
(sin((x+(x*0.500000)))/(1.000000+(x-(x*0.500000)))), 2.54379e-05
(sin((x+(x*0.500000)))/(1.000000+(x-(x*0.500000)))), 2.54379e-05
(sin((x+(x*0.500000)))/(1.000000+(x-(x*0.500000)))), 2.54379e-05
(sin((x+(x*0.500000)))/(1.000000+(x-(x*0.500000)))), 2.54379e-05
(sin((x+(x*0.500000)))/(1.000000+(x-(x*0.500000)))), 2.54379e-05
(sin((x+(x*0.500000)))/(1.000000+(x-(x*0.500000)))), 2.54379e-05
(sin((x+(x*0.500000)))/(1.000000+(x-(x*0.500000)))), 2.54379e-05
(sin((x+(x*0.500000)))/(1.000000+(x-(x*0.500000)))), 2.54379e-05
(sin((x+(x*0.500000)))/(1.000000+(x-(x*0.500000)))), 2.54379e-05
(sin((x+(x*0.500000)))/(1.000000+(x-(x*0.500000)))), 2.54379e-05
(sin((x+(x*0.500000)))/(1.000000+(x-(x*0.500000)))), 2.54379e-05
(sin((x+(x*0.500000)))/(1.000000+(x-(x*0.500000)))), 2.54379e-05
(sin((x+(x*0.500000)))/(1.000000+(x-(x*0.500000)))), 2.54379e-05
(sin((x+(x*0.500000)))/(1.000000+(x-(x*0.500000)))), 2.54379e-05
(sin((x+(x*0.500000)))/(1.000000+(x-(x*0.500000)))), 2.54379e-05
(sin((x+(x*0.500000)))/(1.000000+(x-(x*0.500000)))), 2.54379e-05
(sin((x+(x*0.500000)))/(1.000000+(x-(x*0.500000)))), 2.54379e-05
(sin((x+(x*0.500000)))/(1.000000+(x-(x*0.500000)))), 2.54379e-05
(sin((x+(x*0.500000)))/(1.000000+(x-(x*0.500000)))), 2.54379e-05
(sin((x+(x*0.500000)))/(1.000000+(x-(x*0.500000)))), 2.54379e-05
(sin((x+(x*0.500000)))/(1.000000+(x-(x*0.500000)))), 2.54379e-05
(sin((x+(x*0.500000)))/(1.000000+(x-(x*0.500000)))), 2.54379e-05
(sin((x+(x*0.500000)))/(1.000000+(x-(x*0.500000)))), 2.54379e-05
(sin((x+(x*0.500000)))/(1.000000+(x-(x*0.500000)))), 2.54379e-05
(sin((x+(x*0.500000)))/(1.000000+(x-(x*0.500000)))), 2.54379e-05
(sin((x+(x*0.500000)))/(1.000000+(x-(x*0.500000)))), 2.54379e-05
(sin((x+(x*0.500000)))/(1.000000+(x-(x*0.500000)))), 2.54379e-05
(sin((x+(x*0.500000)))/(1.000000+(x-(x*0.500000)))), 2.54379e-05
(sin((x+(x*0.500000)))/(1.000000+(x-(x*0.500000)))), 2.54379e-05
(sin((x+(x*0.500000)))/(1.000000+(x-(x*0.500000)))), 2.54379e-05
(sin((x+(x*0.500000)))/(1.000000+(x-(x*0.500000)))), 2.54379e-05
(sin((x+(x*0.500000)))/(1.000000+(x-(x*0.500000)))), 2.54379e-05
(sin((x+(x*0.500000)))/(1.000000+(x-(x*0.500000)))), 2.54379e-05
(sin((x+(x*0.500000)))/(1.000000+(x-(x*0.500000)))), 2.54379e-05
(sin((x+(x*0.500000)))/(1.000000+(x-(x*0.500000)))), 2.54379e-05
(sin((x+(x*0.500000)))/(1.000000+(x-(x*0.500000)))), 2.54379e-05
(sin((x+(x*0.500000)))/(1.000000+(x-(x*0.500000)))), 2.54379e-05
(sin((x+(x*0.500000)))/(1.000000+(x-(x*0.500000)))), 2.54379e-05
(sin((x+(x*0.500000)))/(1.000000+(x-(x*0.500000)))), 2.54379e-05
(sin((x+(x*0.500000)))/(1.000000+(x-(x*0.500000)))), 2.54379e-05
(sin((x+(x*0.500000)))/(1.000000+(x-(x*0.500000)))), 2.54379e-05
(sin((x+(x*0.500000)))/(1.000000+(x-(x*0.500000)))), 2.54379e-05
(sin((x+(x*0.500000)))/(1.000000+(x-(x*0.500000)))), 2.54379e-05
(sin((x+(x*0.500000)))/(1.000000+(x-(x*0.500000)))), 2.54379e-05
(sin((x+(x*0.500000)))/(1.000000+(x-(x*0.500000)))), 2.54379e-05
(sin((x+(x*0.500000)))/(1.000000+(x-(x*0.500000)))), 2.54379e-05
(sin((x+(x*0.500000)))/(1.000000+(x-(x*0.500000)))), 2.54379e-05
(sin((x+(x*0.500000)))/(1.000000+(x-(x*0.500000)))), 2.54379e-05
(sin((x+(x*0.500000)))/(1.000000+(x-(x*0.500000)))), 2.54379e-05
(sin((x+(x*0.500000)))/(1.000000+(x-(x*0.500000)))), 2.54379e-05
(sin((x+(x*0.500000)))/(1.000000+(x-(x*0.500000)))), 2.54379e-05
(sin((x+(x*0.500000)))/(1.000000+(x-(x*0.500000)))), 2.54379e-05
(sin((x+(x*0.500000)))/(1.000000+(x-(x*0.500000)))), 2.54379e-05
(sin((x+(x*0.500000)))/(1.000000+(x-(x*0.500000)))), 2.54379e-05
(sin((x+(x*0.500000)))/(1.000000+(x-(x*0.500000)))), 2.54379e-05
(sin((x+(x*0.500000)))/(1.000000+(x-(x*0.500000)))), 2.54379e-05
(sin((x+(x*0.500000)))/(1.000000+(x-(x*0.500000)))), 2.54379e-05
(sin((x+(x*0.500000)))/(1.000000+(x-(x*0.500000)))), 2.54379e-05
(sin((x+(x*0.500000)))/(1.000000+(x-(x*0.500000)))), 2.54379e-05
(sin((x+(x*0.500000)))/(1.000000+(x-(x*0.500000)))), 2.54379e-05
(sin((x+(x*0.500000)))/(1.000000+(x-(x*0.500000)))), 2.54379e-05
(sin((x+(x*0.500000)))/(1.000000+(x-(x*0.500000)))), 2.54379e-05
(sin((x+(x*0.500000)))/(1.000000+(x-(x*0.500000)))), 2.54379e-05
(sin((x+(x*0.500000)))/(1.000000+(x-(x*0.500000)))), 2.54379e-05
(sin((x+(x*0.500000)))/(1.000000+(x-(x*0.500000)))), 2.54379e-05
(sin((x+(x*0.500000)))/(1.000000+(x-(x*0.500000)))), 2.54379e-05
(sin((x+(x*0.500000)))/(1.000000+(x-(x*0.500000)))), 2.54379e-05
(sin((x+(x*0.500000)))/(1.000000+(x-(x*0.500000)))), 2.54379e-05
(sin((x+(x*0.500000)))/(1.000000+(x-(x*0.500000)))), 2.54379e-05
(sin((x+(x*0.500000)))/(1.000000+(x-(x*0.500000)))), 2.54379e-05
(sin((x+(x*0.500000)))/(1.000000+(x-(x*0.500000)))), 2.54379e-05
(sin((x+(x*0.500000)))/(1.000000+(x-(x*0.500000)))), 2.54379e-05
(sin((x+(x*0.500000)))/(1.000000+(x-(x*0.500000)))), 2.54379e-05
(sin((x+(x*0.500000)))/(1.000000+(x-(x*0.500000)))), 2.54379e-05
(sin((x+(x*0.500000)))/(1.000000+(x-(x*0.500000)))), 2.54379e-05
(sin((x+(x*0.500000)))/(1.000000+(x-(x*0.500000)))), 2.54379e-05
(sin((x+(x*0.500000)))/(1.000000+(x-(x*0.500000)))), 2.54379e-05
(sin((x+(x*0.500000)))/(1.000000+(x-(x*0.500000)))), 2.54379e-05
(sin((x+(x*0.500000)))/(1.000000+(x-(x*0.500000)))), 2.54379e-05
(sin((x+(x*0.500000)))/(1.000000+(x-(x*0.500000)))), 2.54379e-05
(sin((x+(x*0.500000)))/(1.000000+(x-(x*0.500000)))), 2.54379e-05
(sin((x+(x*0.500000)))/(1.000000+(x-(x*0.500000)))), 2.54379e-05
(sin((x+(x*0.500000)))/(1.000000+(x-(x*0.500000)))), 2.54379e-05
(sin((x+(x*0.500000)))/(1.000000+(x-(x*0.500000)))), 2.54379e-05
(sin((x+(x*0.500000)))/(1.000000+(x-(x*0.500000)))), 2.54379e-05
(sin((x+(x*0.500000)))/(1.000000+(x-(x*0.500000)))), 2.54379e-05
(sin((x+(x*0.500000)))/(1.000000+(x-(x*0.500000)))), 2.54379e-05
(sin((x+(x*0.500000)))/(1.000000+(x-(x*0.500000)))), 2.54379e-05
(sin((x+(x*0.500000)))/(1.000000+(x-(x*0.500000)))), 2.54379e-05
(sin((x+(x*0.500000)))/(1.000000+(x-(x*0.500000)))), 2.54379e-05
(sin((x+(x*0.500000)))/(1.000000+(x-(x*0.500000)))), 2.54379e-05
(sin((x+(x*0.500000)))/(1.000000+(x-(x*0.500000)))), 2.54379e-05
(sin((x+(x*0.500000)))/(1.000000+(x-(x*0.500000)))), 2.54379e-05
(sin((x+(x*0.500000)))/(1.000000+(x-(x*0.500000)))), 2.54379e-05
(sin((x+(x*0.500000)))/(1.000000+(x-(x*0.500000)))), 2.54379e-05
(sin((x+(x*0.500000)))/(1.000000+(x-(x*0.500000)))), 2.54379e-05
(sin((x+(x*0.500000)))/(1.000000+(x-(x*0.500000)))), 2.54379e-05
